place,state,population
Adams County,Washington,19759
Asotin County,Washington,22610
Benton County,Washington,201877
Chelan County,Washington,77036
Clallam County,Washington,76737
Clark County,Washington,481857
Columbia County,Washington,4059
Cowlitz County,Washington,108987
Douglas County,Washington,42907
Ferry County,Washington,7649
Franklin County,Washington,94347
Garfield County,Washington,2247
Grant County,Washington,97331
Grays Harbor County,Washington,73901
Island County,Washington,84460
Jefferson County,Washington,31729
King County,Washington,2233163
Kitsap County,Washington,269805
Kittitas County,Washington,47364
Klickitat County,Washington,22107
Lewis County,Washington,79604
Lincoln County,Washington,10740
Mason County,Washington,65507
Okanogan County,Washington,42132
Pacific County,Washington,22036
Pend Oreille County,Washington,13602
Pierce County,Washington,891299
San Juan County,Washington,17128
Skagit County,Washington,128206
Skamania County,Washington,11924
Snohomish County,Washington,814901
Spokane County,Washington,514631
Stevens County,Washington,45260
Thurston County,Washington,286419
Wahkiakum County,Washington,4426
Walla Walla County,Washington,60922
Whatcom County,Washington,225685
Whitman County,Washington,49791
Yakima County,Washington,251446
Adams County,Illinois,67103
Alexander County,Illinois,8238
Bond County,Illinois,17768
Boone County,Illinois,54165
Brown County,Illinois,6937
Bureau County,Illinois,34978
Calhoun County,Illinois,5089
Carroll County,Illinois,15387
Cass County,Illinois,13642
Champaign County,Illinois,201081
Christian County,Illinois,34800
Clark County,Illinois,16335
Clay County,Illinois,13815
Clinton County,Illinois,37762
Coles County,Illinois,53873
Cook County,Illinois,5194675
Crawford County,Illinois,19817
Cumberland County,Illinois,11048
DeKalb County,Illinois,105160
DeWitt County,Illinois,16561
Douglas County,Illinois,19980
DuPage County,Illinois,916924
Edgar County,Illinois,18576
Edwards County,Illinois,6721
Effingham County,Illinois,34242
Fayette County,Illinois,22140
Ford County,Illinois,14081
Franklin County,Illinois,39561
Fulton County,Illinois,37069
Gallatin County,Illinois,5589
Greene County,Illinois,13886
Grundy County,Illinois,50063
Hamilton County,Illinois,8457
Hancock County,Illinois,19104
Hardin County,Illinois,4320
Henderson County,Illinois,7331
Henry County,Illinois,50486
Iroquois County,Illinois,29718
Jackson County,Illinois,60218
Jasper County,Illinois,9698
Jefferson County,Illinois,38827
Jersey County,Illinois,22985
Jo Daviess County,Illinois,22678
Johnson County,Illinois,12582
Kane County,Illinois,515269
Kankakee County,Illinois,113449
Kendall County,Illinois,114736
Knox County,Illinois,52919
Lake County,Illinois,703462
LaSalle County,Illinois,113924
Lawrence County,Illinois,16833
Lee County,Illinois,36031
Livingston County,Illinois,38950
Logan County,Illinois,30305
Macon County,Illinois,110768
Macoupin County,Illinois,47765
Madison County,Illinois,269282
Marion County,Illinois,39437
Marshall County,Illinois,12640
Mason County,Illinois,14666
Massac County,Illinois,15429
McDonough County,Illinois,32612
McHenry County,Illinois,308760
McLean County,Illinois,169572
Menard County,Illinois,12705
Mercer County,Illinois,16434
Monroe County,Illinois,32957
Montgomery County,Illinois,30104
Morgan County,Illinois,35547
Moultrie County,Illinois,14846
Ogle County,Illinois,53497
Peoria County,Illinois,186494
Perry County,Illinois,22350
Piatt County,Illinois,16729
Pike County,Illinois,16430
Pope County,Illinois,4470
Pulaski County,Illinois,6161
Putnam County,Illinois,6006
Randolph County,Illinois,33476
Richland County,Illinois,16233
Rock Island County,Illinois,147546
Saline County,Illinois,24913
Sangamon County,Illinois,197465
Schuyler County,Illinois,7544
Scott County,Illinois,5355
Shelby County,Illinois,22363
St. Clair County,Illinois,270056
Stark County,Illinois,5994
Stephenson County,Illinois,47711
Tazewell County,Illinois,135394
Union County,Illinois,17808
Vermilion County,Illinois,81625
Wabash County,Illinois,11947
Warren County,Illinois,17707
Washington County,Illinois,14716
Wayne County,Illinois,16760
White County,Illinois,14665
Whiteside County,Illinois,58498
Will County,Illinois,677560
Williamson County,Illinois,66357
Winnebago County,Illinois,295266
Woodford County,Illinois,38664
Alameda County,California,1663190
Alpine County,California,1120
Amador County,California,38626
Butte County,California,229294
Calaveras County,California,45670
Colusa County,California,21805
Contra Costa County,California,1147439
Del Norte County,California,27470
El Dorado County,California,188987
Fresno County,California,989255
Glenn County,California,28094
Humboldt County,California,136754
Imperial County,California,182830
Inyo County,California,18026
Kern County,California,893119
Kings County,California,150101
Lake County,California,64246
Lassen County,California,31163
Los Angeles County,California,10163507
Madera County,California,156890
Marin County,California,260955
Mariposa County,California,17569
Mendocino County,California,88018
Merced County,California,272673
Modoc County,California,8859
Mono County,California,14168
Monterey County,California,437907
Napa County,California,140973
Nevada County,California,99814
Orange County,California,3190400
Placer County,California,386166
Plumas County,California,18742
Riverside County,California,2423266
Sacramento County,California,1530615
San Benito County,California,60310
San Bernardino County,California,2157404
San Diego County,California,3337685
San Francisco,California,884363
San Joaquin County,California,745424
San Luis Obispo County,California,283405
San Mateo County,California,771410
Santa Barbara County,California,448150
Santa Clara County,California,1938153
Santa Cruz County,California,275897
Shasta County,California,179921
Sierra County,California,2999
Siskiyou County,California,43853
Solano County,California,445458
Sonoma County,California,504217
Stanislaus County,California,547899
Sutter County,California,96648
Tehama County,California,63926
Trinity County,California,12709
Tulare County,California,464493
Tuolumne County,California,54248
Ventura County,California,854223
Yolo County,California,219116
Yuba County,California,77031
Apache County,Arizona,69980
Cochise County,Arizona,127866
Coconino County,Arizona,134421
Gila County,Arizona,51994
Graham County,Arizona,34769
Greenlee County,Arizona,7754
La Paz County,Arizona,20172
Maricopa County,Arizona,3990181
Mohave County,Arizona,194944
Navajo County,Arizona,111273
Pima County,Arizona,1003235
Pinal County,Arizona,324962
Santa Cruz County,Arizona,42845
Yavapai County,Arizona,212635
Yuma County,Arizona,190557
Barnstable County,Massachusetts,215888
Berkshire County,Massachusetts,131219
Bristol County,Massachusetts,548285
Dukes County,Massachusetts,16535
Essex County,Massachusetts,743159
Franklin County,Massachusetts,71372
Hampden County,Massachusetts,463490
Hampshire County,Massachusetts,158080
Middlesex County,Massachusetts,1503085
Nantucket County,Massachusetts,10172
Norfolk County,Massachusetts,670850
Plymouth County,Massachusetts,494919
Suffolk County,Massachusetts,722023
Worcester County,Massachusetts,798552
Anderson County,Texas,57741
Andrews County,Texas,17722
Angelina County,Texas,87805
Aransas County,Texas,25572
Archer County,Texas,8809
Armstrong County,Texas,1879
Atascosa County,Texas,48981
Austin County,Texas,29786
Bailey County,Texas,7077
Bandera County,Texas,22351
Bastrop County,Texas,84761
Baylor County,Texas,3581
Bee County,Texas,32563
Bell County,Texas,347833
Bexar County,Texas,1958578
Blanco County,Texas,11626
Borden County,Texas,673
Bosque County,Texas,18326
Bowie County,Texas,94012
Brazoria County,Texas,362457
Brazos County,Texas,222830
Brewster County,Texas,9337
Briscoe County,Texas,1528
Brooks County,Texas,7235
Brown County,Texas,38053
Burleson County,Texas,18011
Burnet County,Texas,46804
Caldwell County,Texas,42338
Calhoun County,Texas,21744
Callahan County,Texas,13946
Cameron County,Texas,423725
Camp County,Texas,12855
Carson County,Texas,6032
Cass County,Texas,30012
Castro County,Texas,7843
Chambers County,Texas,41441
Cherokee County,Texas,52240
Childress County,Texas,7067
Clay County,Texas,10421
Cochran County,Texas,2851
Coke County,Texas,3306
Coleman County,Texas,8430
Collin County,Texas,969603
Collingsworth County,Texas,2987
Colorado County,Texas,21232
Comal County,Texas,141009
Comanche County,Texas,13573
Concho County,Texas,2717
Cooke County,Texas,39895
Coryell County,Texas,74913
Cottle County,Texas,1387
Crane County,Texas,4740
Crockett County,Texas,3564
Crosby County,Texas,5899
Culberson County,Texas,2231
Dallam County,Texas,7208
Dallas County,Texas,2618148
Dawson County,Texas,12813
Deaf Smith County,Texas,18836
Delta County,Texas,5298
Denton County,Texas,836210
DeWitt County,Texas,20226
Dickens County,Texas,2209
Dimmit County,Texas,10418
Donley County,Texas,3311
Duval County,Texas,11273
Eastland County,Texas,18411
Ector County,Texas,157087
Edwards County,Texas,1953
Ellis County,Texas,173620
El Paso County,Texas,840410
Erath County,Texas,41969
Falls County,Texas,17437
Fannin County,Texas,34446
Fayette County,Texas,25272
Fisher County,Texas,3880
Floyd County,Texas,5855
Foard County,Texas,1222
Fort Bend County,Texas,764828
Franklin County,Texas,10767
Freestone County,Texas,19625
Frio County,Texas,19600
Gaines County,Texas,20638
Galveston County,Texas,335036
Garza County,Texas,6528
Gillespie County,Texas,26646
Glasscock County,Texas,1348
Goliad County,Texas,7562
Gonzales County,Texas,20893
Gray County,Texas,22404
Grayson County,Texas,131140
Gregg County,Texas,123367
Grimes County,Texas,28032
Guadalupe County,Texas,159659
Hale County,Texas,34134
Hall County,Texas,3071
Hamilton County,Texas,8422
Hansford County,Texas,5477
Hardeman County,Texas,3994
Hardin County,Texas,57139
Harris County,Texas,4652980
Harrison County,Texas,66661
Hartley County,Texas,5691
Haskell County,Texas,5746
Hays County,Texas,214485
Hemphill County,Texas,4024
Henderson County,Texas,81064
Hidalgo County,Texas,860661
Hill County,Texas,35852
Hockley County,Texas,23088
Hood County,Texas,58273
Hopkins County,Texas,36496
Houston County,Texas,23021
Howard County,Texas,36040
Hudspeth County,Texas,4408
Hunt County,Texas,93872
Hutchinson County,Texas,21375
Irion County,Texas,1516
Jack County,Texas,8832
Jackson County,Texas,14805
Jasper County,Texas,35561
Jeff Davis County,Texas,2280
Jefferson County,Texas,256299
Jim Hogg County,Texas,5202
Jim Wells County,Texas,40871
Johnson County,Texas,167301
Jones County,Texas,19983
Karnes County,Texas,15187
Kaufman County,Texas,122883
Kendall County,Texas,44026
Kenedy County,Texas,417
Kent County,Texas,763
Kerr County,Texas,51720
Kimble County,Texas,4410
King County,Texas,296
Kinney County,Texas,3745
Kleberg County,Texas,31088
Knox County,Texas,3710
Lamar County,Texas,49587
Lamb County,Texas,13210
Lampasas County,Texas,21207
La Salle County,Texas,7584
Lavaca County,Texas,20062
Lee County,Texas,17183
Leon County,Texas,17243
Liberty County,Texas,83658
Limestone County,Texas,23527
Lipscomb County,Texas,3378
Live Oak County,Texas,12174
Llano County,Texas,21210
Loving County,Texas,134
Lubbock County,Texas,305225
Lynn County,Texas,5859
McCulloch County,Texas,7957
McLennan County,Texas,251259
McMullen County,Texas,778
Madison County,Texas,14222
Marion County,Texas,10064
Martin County,Texas,5626
Mason County,Texas,4222
Matagorda County,Texas,36840
Maverick County,Texas,58216
Medina County,Texas,50066
Menard County,Texas,2124
Midland County,Texas,165049
Milam County,Texas,25053
Mills County,Texas,4921
Mitchell County,Texas,8468
Montague County,Texas,19539
Montgomery County,Texas,570934
Moore County,Texas,22097
Morris County,Texas,12467
Motley County,Texas,1230
Nacogdoches County,Texas,65580
Navarro County,Texas,48701
Newton County,Texas,13952
Nolan County,Texas,14770
Nueces County,Texas,361221
Ochiltree County,Texas,10073
Oldham County,Texas,2114
Orange County,Texas,85047
Palo Pinto County,Texas,28570
Panola County,Texas,23243
Parker County,Texas,133463
Parmer County,Texas,9842
Pecos County,Texas,15634
Polk County,Texas,49162
Potter County,Texas,120458
Presidio County,Texas,7156
Rains County,Texas,11762
Randall County,Texas,134442
Reagan County,Texas,3710
Real County,Texas,3429
Red River County,Texas,12229
Reeves County,Texas,15281
Refugio County,Texas,7224
Roberts County,Texas,938
Robertson County,Texas,17203
Rockwall County,Texas,96788
Runnels County,Texas,10266
Rusk County,Texas,52833
Sabine County,Texas,10461
San Augustine County,Texas,8253
San Jacinto County,Texas,28270
San Patricio County,Texas,67215
San Saba County,Texas,5959
Schleicher County,Texas,3001
Scurry County,Texas,17050
Shackelford County,Texas,3328
Shelby County,Texas,25513
Sherman County,Texas,3067
Smith County,Texas,227727
Somervell County,Texas,8845
Starr County,Texas,64454
Stephens County,Texas,9337
Sterling County,Texas,1295
Stonewall County,Texas,1388
Sutton County,Texas,3767
Swisher County,Texas,7515
Tarrant County,Texas,2054475
Taylor County,Texas,136290
Terrell County,Texas,810
Terry County,Texas,12715
Throckmorton County,Texas,1527
Titus County,Texas,32904
Tom Green County,Texas,118019
Travis County,Texas,1226698
Trinity County,Texas,14667
Tyler County,Texas,21539
Upshur County,Texas,41281
Upton County,Texas,3663
Uvalde County,Texas,27132
Val Verde County,Texas,49205
Van Zandt County,Texas,55182
Victoria County,Texas,92084
Walker County,Texas,72245
Waller County,Texas,51307
Ward County,Texas,11472
Washington County,Texas,35043
Webb County,Texas,274794
Wharton County,Texas,41968
Wheeler County,Texas,5358
Wichita County,Texas,132000
Wilbarger County,Texas,12764
Willacy County,Texas,21584
Williamson County,Texas,547545
Wilson County,Texas,49304
Winkler County,Texas,7574
Wise County,Texas,66181
Wood County,Texas,44314
Yoakum County,Texas,8568
Young County,Texas,17979
Zapata County,Texas,14322
Zavala County,Texas,11948
Adams County,Nebraska,31610
Antelope County,Nebraska,6456
Arthur County,Nebraska,458
Banner County,Nebraska,759
Blaine County,Nebraska,482
Boone County,Nebraska,5388
Box Butte County,Nebraska,11305
Boyd County,Nebraska,2032
Brown County,Nebraska,2926
Buffalo County,Nebraska,47893
Burt County,Nebraska,6574
Butler County,Nebraska,8312
Cass County,Nebraska,25357
Cedar County,Nebraska,8711
Chase County,Nebraska,4000
Cherry County,Nebraska,5788
Cheyenne County,Nebraska,10091
Clay County,Nebraska,6392
Colfax County,Nebraska,10425
Cuming County,Nebraska,8996
Custer County,Nebraska,10792
Dakota County,Nebraska,20947
Dawes County,Nebraska,9088
Dawson County,Nebraska,24207
Deuel County,Nebraska,1937
Dixon County,Nebraska,5851
Dodge County,Nebraska,36515
Douglas County,Nebraska,537256
Dundy County,Nebraska,1981
Fillmore County,Nebraska,5698
Franklin County,Nebraska,3085
Frontier County,Nebraska,2709
Furnas County,Nebraska,4865
Gage County,Nebraska,21864
Garden County,Nebraska,1902
Garfield County,Nebraska,2035
Gosper County,Nebraska,1972
Grant County,Nebraska,633
Greeley County,Nebraska,2494
Hall County,Nebraska,60720
Hamilton County,Nebraska,9112
Harlan County,Nebraska,3513
Hayes County,Nebraska,976
Hitchcock County,Nebraska,2872
Holt County,Nebraska,10449
Hooker County,Nebraska,738
Howard County,Nebraska,6355
Jefferson County,Nebraska,7560
Johnson County,Nebraska,5144
Kearney County,Nebraska,6548
Keith County,Nebraska,8130
Keya Paha County,Nebraska,790
Kimball County,Nebraska,3702
Knox County,Nebraska,8565
Lancaster County,Nebraska,297036
Lincoln County,Nebraska,36051
Logan County,Nebraska,763
Loup County,Nebraska,576
Madison County,Nebraska,35278
McPherson County,Nebraska,526
Merrick County,Nebraska,7802
Morrill County,Nebraska,4908
Nance County,Nebraska,3623
Nemaha County,Nebraska,7157
Nuckolls County,Nebraska,4413
Otoe County,Nebraska,15752
Pawnee County,Nebraska,2709
Perkins County,Nebraska,2921
Phelps County,Nebraska,9213
Pierce County,Nebraska,7510
Platte County,Nebraska,32505
Polk County,Nebraska,5275
Red Willow County,Nebraska,11006
Richardson County,Nebraska,8125
Rock County,Nebraska,1411
Saline County,Nebraska,14416
Sarpy County,Nebraska,169331
Saunders County,Nebraska,20929
Scotts Bluff County,Nebraska,36848
Seward County,Nebraska,17089
Sheridan County,Nebraska,5251
Sherman County,Nebraska,3106
Sioux County,Nebraska,1475
Stanton County,Nebraska,6133
Thayer County,Nebraska,5189
Thomas County,Nebraska,699
Thurston County,Nebraska,6895
Valley County,Nebraska,4193
Washington County,Nebraska,20223
Wayne County,Nebraska,9411
Webster County,Nebraska,3688
Wheeler County,Nebraska,759
York County,Nebraska,13883
Beaver County,Utah,6629
Box Elder County,Utah,49975
Cache County,Utah,112656
Carbon County,Utah,21403
Daggett County,Utah,1059
Davis County,Utah,306479
Duchesne County,Utah,18607
Emery County,Utah,10976
Garfield County,Utah,5172
Grand County,Utah,9225
Iron County,Utah,46163
Juab County,Utah,10246
Kane County,Utah,7125
Millard County,Utah,12503
Morgan County,Utah,9469
Piute County,Utah,1556
Rich County,Utah,2264
Salt Lake County,Utah,1029665
San Juan County,Utah,14746
Sanpete County,Utah,27882
Sevier County,Utah,20802
Summit County,Utah,36324
Tooele County,Utah,58218
Uintah County,Utah,32588
Utah County,Utah,516564
Wasatch County,Utah,23530
Washington County,Utah,138115
Wayne County,Utah,2589
Weber County,Utah,231236
Baker County,Oregon,16510
Benton County,Oregon,91320
Clackamas County,Oregon,404980
Clatsop County,Oregon,38225
Columbia County,Oregon,50795
Coos County,Oregon,63190
Crook County,Oregon,21580
Curry County,Oregon,22600
Deschutes County,Oregon,176635
Douglas County,Oregon,110395
Gilliam County,Oregon,1980
Grant County,Oregon,7410
Harney County,Oregon,7320
Hood River County,Oregon,24735
Jackson County,Oregon,213765
Jefferson County,Oregon,22790
Josephine County,Oregon,84675
Klamath County,Oregon,67410
Lake County,Oregon,8015
Lane County,Oregon,365940
Lincoln County,Oregon,47735
Linn County,Oregon,122315
Malheur County,Oregon,31705
Marion County,Oregon,333950
Morrow County,Oregon,11745
Multnomah County,Oregon,790670
Polk County,Oregon,79730
Sherman County,Oregon,1795
Tillamook County,Oregon,25920
Umatilla County,Oregon,79880
Union County,Oregon,26745
Wallowa County,Oregon,7140
Wasco County,Oregon,26700
Washington County,Oregon,583595
Wheeler County,Oregon,1465
Yamhill County,Oregon,104990
Alachua County,Florida,249365
Baker County,Florida,27154
Bay County,Florida,169856
Bradford County,Florida,28255
Brevard County,Florida,543566
Broward County,Florida,1780172
Calhoun County,Florida,14750
Charlotte County,Florida,160511
Citrus County,Florida,140031
Clay County,Florida,192370
Collier County,Florida,328134
Columbia County,Florida,67485
DeSoto County,Florida,34894
Dixie County,Florida,16486
Duval County,Florida,937934
Escambia County,Florida,299114
Flagler County,Florida,97376
Franklin County,Florida,11596
Gadsden County,Florida,46151
Gilchrist County,Florida,17004
Glades County,Florida,12635
Gulf County,Florida,15844
Hamilton County,Florida,14671
Hardee County,Florida,27887
Hendry County,Florida,39089
Hernando County,Florida,173094
Highlands County,Florida,98630
Hillsborough County,Florida,1267775
Holmes County,Florida,19873
Indian River County,Florida,138894
Jackson County,Florida,49292
Jefferson County,Florida,14658
Lafayette County,Florida,8942
Lake County,Florida,301019
Lee County,Florida,631330
Leon County,Florida,277971
Levy County,Florida,40156
Liberty County,Florida,8314
Madison County,Florida,19115
Manatee County,Florida,327142
Marion County,Florida,332529
Martin County,Florida,147495
Miami-Dade County,Florida,2662874
Monroe County,Florida,73873
Nassau County,Florida,74195
Okaloosa County,Florida,183482
Okeechobee County,Florida,40140
Orange County,Florida,1169107
Osceola County,Florida,276163
Palm Beach County,Florida,1335187
Pasco County,Florida,466457
Pinellas County,Florida,917398
Polk County,Florida,609492
Putnam County,Florida,74041
St. Johns County,Florida,195823
St. Lucie County,Florida,280379
Santa Rosa County,Florida,154104
Sarasota County,Florida,382213
Seminole County,Florida,425071
Sumter County,Florida,97756
Suwannee County,Florida,41972
Taylor County,Florida,22691
Union County,Florida,15388
Volusia County,Florida,494804
Wakulla County,Florida,30978
Walton County,Florida,55793
Washington County,Florida,24935
Bristol County,Rhode_Island,49875
Kent County,Rhode_Island,166158
Newport County,Rhode_Island,82888
Providence County,Rhode_Island,626667
Washington County,Rhode_Island,126979
Belknap County,New_Hampshire,60641
Carroll County,New_Hampshire,47285
Cheshire County,New_Hampshire,75909
Coos County,New_Hampshire,31212
Grafton County,New_Hampshire,89320
Hillsborough County,New_Hampshire,406678
Merrimack County,New_Hampshire,147994
Rockingham County,New_Hampshire,301777
Strafford County,New_Hampshire,126825
Sullivan County,New_Hampshire,42967
Alamance County,North_Carolina,157844
Alexander County,North_Carolina,37159
Alleghany County,North_Carolina,10935
Anson County,North_Carolina,25531
Ashe County,North_Carolina,26833
Avery County,North_Carolina,17535
Beaufort County,North_Carolina,47316
Bertie County,North_Carolina,19913
Bladen County,North_Carolina,34130
Brunswick County,North_Carolina,122586
Buncombe County,North_Carolina,252268
Burke County,North_Carolina,88898
Cabarrus County,North_Carolina,196716
Caldwell County,North_Carolina,81805
Camden County,North_Carolina,10336
Carteret County,North_Carolina,68699
Caswell County,North_Carolina,22833
Catawba County,North_Carolina,156182
Chatham County,North_Carolina,68364
Cherokee County,North_Carolina,27463
Chowan County,North_Carolina,14370
Clay County,North_Carolina,10753
Cleveland County,North_Carolina,97038
Columbus County,North_Carolina,56589
Craven County,North_Carolina,103374
Cumberland County,North_Carolina,332766
Currituck County,North_Carolina,25247
Dare County,North_Carolina,35412
Davidson County,North_Carolina,164118
Davie County,North_Carolina,41766
Duplin County,North_Carolina,59350
Durham County,North_Carolina,300865
Edgecombe County,North_Carolina,54032
Forsyth County,North_Carolina,368362
Franklin County,North_Carolina,63866
Gaston County,North_Carolina,214049
Gates County,North_Carolina,11601
Graham County,North_Carolina,8607
Granville County,North_Carolina,58503
Greene County,North_Carolina,21059
Guilford County,North_Carolina,517197
Halifax County,North_Carolina,52300
Harnett County,North_Carolina,128753
Haywood County,North_Carolina,59854
Henderson County,North_Carolina,112156
Hertford County,North_Carolina,24262
Hoke County,North_Carolina,52571
Hyde County,North_Carolina,5507
Iredell County,North_Carolina,169798
Jackson County,North_Carolina,41725
Johnston County,North_Carolina,186308
Jones County,North_Carolina,9776
Lee County,North_Carolina,59805
Lenoir County,North_Carolina,57934
Lincoln County,North_Carolina,80504
McDowell County,North_Carolina,34160
Macon County,North_Carolina,21347
Madison County,North_Carolina,23227
Martin County,North_Carolina,45069
Mecklenburg County,North_Carolina,1034290
Mitchell County,North_Carolina,15155
Montgomery County,North_Carolina,27445
Moore County,North_Carolina,94191
Nash County,North_Carolina,94125
New Hanover County,North_Carolina,219866
Northampton County,North_Carolina,20426
Onslow County,North_Carolina,192685
Orange County,North_Carolina,141812
Pamlico County,North_Carolina,12803
Pasquotank County,North_Carolina,39546
Pender County,North_Carolina,57630
Perquimans County,North_Carolina,13506
Person County,North_Carolina,39240
Pitt County,North_Carolina,176484
Polk County,North_Carolina,20434
Randolph County,North_Carolina,142827
Richmond County,North_Carolina,45447
Robeson County,North_Carolina,134187
Rockingham County,North_Carolina,91566
Rowan County,North_Carolina,138940
Rutherford County,North_Carolina,66523
Sampson County,North_Carolina,63664
Scotland County,North_Carolina,35445
Stanly County,North_Carolina,60875
Stokes County,North_Carolina,46124
Surry County,North_Carolina,72315
Swain County,North_Carolina,14208
Transylvania County,North_Carolina,33291
Tyrrell County,North_Carolina,4090
Union County,North_Carolina,222095
Vance County,North_Carolina,44420
Wake County,North_Carolina,1023811
Warren County,North_Carolina,20190
Washington County,North_Carolina,12331
Watauga County,North_Carolina,53421
Wayne County,North_Carolina,124496
Wilkes County,North_Carolina,68525
Wilson County,North_Carolina,81379
Yadkin County,North_Carolina,37825
Yancey County,North_Carolina,17605
Atlantic County,New_Jersey,265429
Bergen County,New_Jersey,936692
Burlington County,New_Jersey,445384
Camden County,New_Jersey,507078
Cape May County,New_Jersey,92560
Cumberland County,New_Jersey,150972
Essex County,New_Jersey,799767
Gloucester County,New_Jersey,291408
Hudson County,New_Jersey,676061
Hunterdon County,New_Jersey,124714
Mercer County,New_Jersey,369811
Middlesex County,New_Jersey,829685
Monmouth County,New_Jersey,621354
Morris County,New_Jersey,494228
Ocean County,New_Jersey,601651
Passaic County,New_Jersey,503310
Salem County,New_Jersey,62607
Somerset County,New_Jersey,331164
Sussex County,New_Jersey,140799
Union County,New_Jersey,558067
Warren County,New_Jersey,105779
Adams County,Colorado,441603
Alamosa County,Colorado,15445
Arapahoe County,Colorado,572003
Archuleta County,Colorado,12084
Baca County,Colorado,3788
Bent County,Colorado,6499
Boulder County,Colorado,294567
City and County of Broomfield,Colorado,55889
Chaffee County,Colorado,17809
Cheyenne County,Colorado,1836
Clear Creek County,Colorado,9088
Conejos County,Colorado,8256
Costilla County,Colorado,3524
Crowley County,Colorado,5823
Custer County,Colorado,4255
Delta County,Colorado,30952
City and County of Denver,Colorado,600158
Dolores County,Colorado,2064
Douglas County,Colorado,285465
Eagle County,Colorado,52197
El Paso County,Colorado,622263
Elbert County,Colorado,23086
Fremont County,Colorado,46824
Garfield County,Colorado,56389
Gilpin County,Colorado,5441
Grand County,Colorado,14843
Gunnison County,Colorado,15324
Hinsdale County,Colorado,843
Huerfano County,Colorado,6711
Jackson County,Colorado,1394
Jefferson County,Colorado,534543
Kiowa County,Colorado,1398
Kit Carson County,Colorado,8270
La Plata County,Colorado,51334
Lake County,Colorado,7310
Larimer County,Colorado,299630
Las Animas County,Colorado,15507
Lincoln County,Colorado,5467
Logan County,Colorado,22709
Mesa County,Colorado,146723
Mineral County,Colorado,712
Moffat County,Colorado,13795
Montezuma County,Colorado,25535
Montrose County,Colorado,41276
Morgan County,Colorado,28159
Otero County,Colorado,18831
Ouray County,Colorado,4436
Park County,Colorado,16206
Phillips County,Colorado,4442
Pitkin County,Colorado,17148
Prowers County,Colorado,12551
Pueblo County,Colorado,159063
Rio Blanco County,Colorado,6666
Rio Grande County,Colorado,11982
Routt County,Colorado,23509
Saguache County,Colorado,6108
San Juan County,Colorado,699
San Miguel County,Colorado,7359
Sedgwick County,Colorado,2379
Summit County,Colorado,27994
Teller County,Colorado,23350
Washington County,Colorado,4814
Weld County,Colorado,252825
Yuma County,Colorado,10043
Allegany County,Maryland,74012
Anne Arundel County,Maryland,550488
Baltimore County,Maryland,817455
Baltimore City,Maryland,621342
Calvert County,Maryland,89628
Caroline County,Maryland,32718
Carroll County,Maryland,167217
Cecil County,Maryland,101696
Charles County,Maryland,150592
Dorchester County,Maryland,32551
Frederick County,Maryland,239582
Garrett County,Maryland,29854
Harford County,Maryland,248622
Howard County,Maryland,299430
Kent County,Maryland,20191
Montgomery County,Maryland,1004709
Prince George's County,Maryland,881138
Queen Anne's County,Maryland,48595
Somerset County,Maryland,26253
St. Mary's County,Maryland,108987
Talbot County,Maryland,38098
Washington County,Maryland,149180
Wicomico County,Maryland,100647
Worcester County,Maryland,51578
Carson City,Nevada,55274
Churchill County,Nevada,24877
Clark County,Nevada,2204079
Douglas County,Nevada,46997
Elko County,Nevada,48818
Esmeralda County,Nevada,783
Eureka County,Nevada,1987
Humboldt County,Nevada,16528
Lander County,Nevada,5775
Lincoln County,Nevada,5345
Lyon County,Nevada,51980
Mineral County,Nevada,4772
Nye County,Nevada,43946
Pershing County,Nevada,6753
Storey County,Nevada,4010
Washoe County,Nevada,460587
White Pine County,Nevada,10030
Anderson County,Tennessee,75129
Bedford County,Tennessee,45058
Benton County,Tennessee,16489
Bledsoe County,Tennessee,12876
Blount County,Tennessee,123010
Bradley County,Tennessee,98963
Campbell County,Tennessee,40716
Cannon County,Tennessee,13801
Carroll County,Tennessee,28522
Carter County,Tennessee,57424
Cheatham County,Tennessee,39105
Chester County,Tennessee,17131
Claiborne County,Tennessee,32213
Clay County,Tennessee,7861
Cocke County,Tennessee,35662
Coffee County,Tennessee,52796
Crockett County,Tennessee,14586
Cumberland County,Tennessee,56053
Davidson County,Tennessee,626681
Decatur County,Tennessee,11757
DeKalb County,Tennessee,18723
Dickson County,Tennessee,49666
Dyer County,Tennessee,38335
Fayette County,Tennessee,38412
Fentress County,Tennessee,17959
Franklin County,Tennessee,41052
Gibson County,Tennessee,49683
Giles County,Tennessee,29485
Grainger County,Tennessee,22657
Greene County,Tennessee,68831
Grundy County,Tennessee,13703
Hamblen County,Tennessee,62544
Hamilton County,Tennessee,336463
Hancock County,Tennessee,6819
Hardeman County,Tennessee,27253
Hardin County,Tennessee,26026
Hawkins County,Tennessee,56833
Haywood County,Tennessee,18787
Henderson County,Tennessee,27769
Henry County,Tennessee,32330
Hickman County,Tennessee,24690
Houston County,Tennessee,8426
Humphreys County,Tennessee,18538
Jackson County,Tennessee,11638
Jefferson County,Tennessee,51407
Johnson County,Tennessee,18244
Knox County,Tennessee,432226
Lake County,Tennessee,7832
Lauderdale County,Tennessee,27815
Lawrence County,Tennessee,41869
Lewis County,Tennessee,12161
Lincoln County,Tennessee,33361
Loudon County,Tennessee,48556
Macon County,Tennessee,22248
Madison County,Tennessee,98294
Marion County,Tennessee,28237
Marshall County,Tennessee,30617
Maury County,Tennessee,80956
McMinn County,Tennessee,52266
McNairy County,Tennessee,26075
Meigs County,Tennessee,11753
Monroe County,Tennessee,44519
Montgomery County,Tennessee,172331
Moore County,Tennessee,6362
Morgan County,Tennessee,21987
Obion County,Tennessee,31807
Overton County,Tennessee,22083
Perry County,Tennessee,7915
Pickett County,Tennessee,5077
Polk County,Tennessee,16825
Putnam County,Tennessee,72321
Rhea County,Tennessee,31809
Roane County,Tennessee,54181
Robertson County,Tennessee,66283
Rutherford County,Tennessee,262604
Scott County,Tennessee,22228
Sequatchie County,Tennessee,14112
Sevier County,Tennessee,89889
Shelby County,Tennessee,927644
Smith County,Tennessee,19166
Stewart County,Tennessee,13324
Sullivan County,Tennessee,156823
Sumner County,Tennessee,160645
Tipton County,Tennessee,61081
Trousdale County,Tennessee,7870
Unicoi County,Tennessee,18313
Union County,Tennessee,19109
Van Buren County,Tennessee,5548
Warren County,Tennessee,39839
Washington County,Tennessee,122979
Wayne County,Tennessee,17021
Weakley County,Tennessee,35021
White County,Tennessee,25841
Williamson County,Tennessee,202686
Wilson County,Tennessee,113993
Hawaii County,Hawaii,185079
Honolulu County,Hawaii,953207
Kalawao County,Hawaii,88
Kauai County,Hawaii,67091
Maui County,Hawaii,154834
Adams County,Indiana,34387
Allen County,Indiana,355329
Bartholomew County,Indiana,76794
Benton County,Indiana,8854
Blackford County,Indiana,12766
Boone County,Indiana,56640
Brown County,Indiana,15242
Carroll County,Indiana,20165
Cass County,Indiana,38966
Clark County,Indiana,110232
Clay County,Indiana,26890
Clinton County,Indiana,33224
Crawford County,Indiana,10713
Daviess County,Indiana,31648
Dearborn County,Indiana,50047
Decatur County,Indiana,25740
DeKalb County,Indiana,40285
Delaware County,Indiana,117671
Dubois County,Indiana,41889
Elkhart County,Indiana,197559
Fayette County,Indiana,24277
Floyd County,Indiana,74578
Fountain County,Indiana,17240
Franklin County,Indiana,23087
Fulton County,Indiana,20836
Gibson County,Indiana,33503
Grant County,Indiana,70061
Greene County,Indiana,33165
Hamilton County,Indiana,274569
Hancock County,Indiana,70002
Harrison County,Indiana,39364
Hendricks County,Indiana,145488
Henry County,Indiana,49462
Howard County,Indiana,82752
Huntington County,Indiana,37124
Jackson County,Indiana,42367
Jasper County,Indiana,33478
Jay County,Indiana,21253
Jefferson County,Indiana,32428
Jennings County,Indiana,28525
Johnson County,Indiana,139654
Knox County,Indiana,38440
Kosciusko County,Indiana,77358
LaGrange County,Indiana,37128
Lake County,Indiana,496005
LaPorte County,Indiana,111467
Lawrence County,Indiana,46134
Madison County,Indiana,131636
Marion County,Indiana,903393
Marshall County,Indiana,47051
Martin County,Indiana,10334
Miami County,Indiana,36903
Monroe County,Indiana,137974
Montgomery County,Indiana,38124
Morgan County,Indiana,68894
Newton County,Indiana,14244
Noble County,Indiana,47536
Ohio County,Indiana,6128
Orange County,Indiana,19840
Owen County,Indiana,21575
Parke County,Indiana,17339
Perry County,Indiana,19338
Pike County,Indiana,12845
Porter County,Indiana,164343
Posey County,Indiana,25910
Pulaski County,Indiana,13402
Putnam County,Indiana,36019
Randolph County,Indiana,26171
Ripley County,Indiana,28818
Rush County,Indiana,17392
St. Joseph County,Indiana,266931
Scott County,Indiana,24181
Shelby County,Indiana,44436
Spencer County,Indiana,20952
Starke County,Indiana,23363
Steuben County,Indiana,34185
Sullivan County,Indiana,21745
Switzerland County,Indiana,10613
Tippecanoe County,Indiana,172780
Tipton County,Indiana,15936
Union County,Indiana,7516
Vanderburgh County,Indiana,179703
Vermillion County,Indiana,16212
Vigo County,Indiana,107818
Wabash County,Indiana,32888
Warren County,Indiana,8508
Warrick County,Indiana,59689
Washington County,Indiana,28262
Wayne County,Indiana,68917
Wells County,Indiana,27636
White County,Indiana,24643
Whitley County,Indiana,33292
Adair County,Kentucky,19204
Allen County,Kentucky,20384
Anderson County,Kentucky,21888
Ballard County,Kentucky,8240
Barren County,Kentucky,43148
Bath County,Kentucky,12206
Bell County,Kentucky,27778
Boone County,Kentucky,126413
Bourbon County,Kentucky,19972
Boyd County,Kentucky,48832
Boyle County,Kentucky,29706
Bracken County,Kentucky,8406
Breathitt County,Kentucky,13409
Breckinridge County,Kentucky,19888
Bullitt County,Kentucky,77955
Butler County,Kentucky,12875
Caldwell County,Kentucky,12725
Calloway County,Kentucky,38282
Campbell County,Kentucky,91833
Carlisle County,Kentucky,4978
Carroll County,Kentucky,10815
Carter County,Kentucky,27223
Casey County,Kentucky,15891
Christian County,Kentucky,74250
Clark County,Kentucky,35758
Clay County,Kentucky,21147
Clinton County,Kentucky,10165
Crittenden County,Kentucky,9224
Cumberland County,Kentucky,6745
Daviess County,Kentucky,98275
Edmonson County,Kentucky,12013
Elliott County,Kentucky,7672
Estill County,Kentucky,14447
Fayette County,Kentucky,310797
Fleming County,Kentucky,14545
Floyd County,Kentucky,38108
Franklin County,Kentucky,49880
Fulton County,Kentucky,6265
Gallatin County,Kentucky,8589
Garrard County,Kentucky,16858
Grant County,Kentucky,24875
Graves County,Kentucky,37618
Grayson County,Kentucky,26194
Green County,Kentucky,11043
Greenup County,Kentucky,36308
Hancock County,Kentucky,8753
Hardin County,Kentucky,108266
Harlan County,Kentucky,28163
Harrison County,Kentucky,18592
Hart County,Kentucky,18597
Henderson County,Kentucky,46467
Henry County,Kentucky,15572
Hickman County,Kentucky,4734
Hopkins County,Kentucky,46376
Jackson County,Kentucky,13289
Jefferson County,Kentucky,760026
Jessamine County,Kentucky,50815
Johnson County,Kentucky,23262
Kenton County,Kentucky,163929
Knott County,Kentucky,15892
Knox County,Kentucky,31798
LaRue County,Kentucky,14180
Laurel County,Kentucky,60015
Lawrence County,Kentucky,15804
Lee County,Kentucky,7594
Leslie County,Kentucky,10918
Letcher County,Kentucky,23359
Lewis County,Kentucky,13880
Lincoln County,Kentucky,24445
Livingston County,Kentucky,9359
Logan County,Kentucky,26867
Lyon County,Kentucky,8430
McCracken County,Kentucky,65316
McCreary County,Kentucky,17863
McLean County,Kentucky,9478
Madison County,Kentucky,87340
Magoffin County,Kentucky,12913
Marion County,Kentucky,20007
Marshall County,Kentucky,30953
Martin County,Kentucky,12537
Mason County,Kentucky,17166
Meade County,Kentucky,29139
Menifee County,Kentucky,6287
Mercer County,Kentucky,21319
Metcalfe County,Kentucky,9990
Monroe County,Kentucky,10704
Montgomery County,Kentucky,27474
Morgan County,Kentucky,13303
Muhlenberg County,Kentucky,31207
Nelson County,Kentucky,44812
Nicholas County,Kentucky,7041
Ohio County,Kentucky,23977
Oldham County,Kentucky,63490
Owen County,Kentucky,10645
Owsley County,Kentucky,4508
Pendleton County,Kentucky,14493
Perry County,Kentucky,27597
Pike County,Kentucky,63034
Powell County,Kentucky,12434
Pulaski County,Kentucky,63825
Robertson County,Kentucky,2197
Rockcastle County,Kentucky,16826
Rowan County,Kentucky,23655
Russell County,Kentucky,17774
Scott County,Kentucky,51284
Shelby County,Kentucky,44875
Simpson County,Kentucky,17826
Spencer County,Kentucky,17668
Taylor County,Kentucky,25257
Todd County,Kentucky,12520
Trigg County,Kentucky,14142
Trimble County,Kentucky,8786
Union County,Kentucky,15165
Warren County,Kentucky,120460
Washington County,Kentucky,11959
Wayne County,Kentucky,20486
Webster County,Kentucky,13236
Whitley County,Kentucky,35503
Wolfe County,Kentucky,7214
Woodford County,Kentucky,25563
Adair County,Oklahoma,22683
Alfalfa County,Oklahoma,5642
Atoka County,Oklahoma,14182
Beaver County,Oklahoma,5636
Beckham County,Oklahoma,22119
Blaine County,Oklahoma,11943
Bryan County,Oklahoma,42416
Caddo County,Oklahoma,29600
Canadian County,Oklahoma,115541
Carter County,Oklahoma,47557
Cherokee County,Oklahoma,46987
Choctaw County,Oklahoma,15205
Cimarron County,Oklahoma,2475
Cleveland County,Oklahoma,255755
Coal County,Oklahoma,5925
Comanche County,Oklahoma,124098
Cotton County,Oklahoma,6193
Craig County,Oklahoma,15029
Creek County,Oklahoma,69967
Custer County,Oklahoma,27469
Delaware County,Oklahoma,41487
Dewey County,Oklahoma,4810
Ellis County,Oklahoma,4151
Garfield County,Oklahoma,60580
Garvin County,Oklahoma,27576
Grady County,Oklahoma,52431
Grant County,Oklahoma,4527
Greer County,Oklahoma,6239
Harmon County,Oklahoma,2922
Harper County,Oklahoma,3685
Haskell County,Oklahoma,12769
Hughes County,Oklahoma,14003
Jackson County,Oklahoma,26446
Jefferson County,Oklahoma,6472
Johnston County,Oklahoma,10957
Kay County,Oklahoma,46562
Kingfisher County,Oklahoma,15034
Kiowa County,Oklahoma,9446
Latimer County,Oklahoma,11154
Le Flore County,Oklahoma,50384
Lincoln County,Oklahoma,34273
Logan County,Oklahoma,41848
Love County,Oklahoma,9423
Major County,Oklahoma,7527
Marshall County,Oklahoma,15840
Mayes County,Oklahoma,41259
McClain County,Oklahoma,34506
McCurtain County,Oklahoma,33151
McIntosh County,Oklahoma,20252
Murray County,Oklahoma,13488
Muskogee County,Oklahoma,70990
Noble County,Oklahoma,11561
Nowata County,Oklahoma,10536
Okfuskee County,Oklahoma,12191
Oklahoma County,Oklahoma,718633
Okmulgee County,Oklahoma,40069
Osage County,Oklahoma,47472
Ottawa County,Oklahoma,31848
Pawnee County,Oklahoma,16577
Payne County,Oklahoma,77350
Pittsburg County,Oklahoma,45837
Pontotoc County,Oklahoma,37492
Pottawatomie County,Oklahoma,69442
Pushmataha County,Oklahoma,11572
Roger Mills County,Oklahoma,3647
Rogers County,Oklahoma,86905
Seminole County,Oklahoma,25482
Sequoyah County,Oklahoma,42391
Stephens County,Oklahoma,45048
Texas County,Oklahoma,20640
Tillman County,Oklahoma,7992
Tulsa County,Oklahoma,603403
Wagoner County,Oklahoma,73085
Washington County,Oklahoma,50976
Washita County,Oklahoma,11629
Woods County,Oklahoma,8878
Woodward County,Oklahoma,20081
Abbeville County,South_Carolina,24872
Aiken County,South_Carolina,167458
Allendale County,South_Carolina,9045
Anderson County,South_Carolina,196569
Bamberg County,South_Carolina,14434
Barnwell County,South_Carolina,21483
Beaufort County,South_Carolina,183149
Berkeley County,South_Carolina,210898
Calhoun County,South_Carolina,14796
Charleston County,South_Carolina,396484
Cherokee County,South_Carolina,56646
Chester County,South_Carolina,32181
Chesterfield County,South_Carolina,46013
Clarendon County,South_Carolina,33951
Colleton County,South_Carolina,37923
Darlington County,South_Carolina,67234
Dillon County,South_Carolina,30858
Dorchester County,South_Carolina,153773
Edgefield County,South_Carolina,26358
Fairfield County,South_Carolina,22653
Florence County,South_Carolina,138742
Georgetown County,South_Carolina,61399
Greenville County,South_Carolina,498766
Greenwood County,South_Carolina,70133
Hampton County,South_Carolina,19922
Horry County,South_Carolina,322342
Jasper County,South_Carolina,28465
Kershaw County,South_Carolina,64097
Lancaster County,South_Carolina,89594
Laurens County,South_Carolina,66777
Lee County,South_Carolina,17635
Lexington County,South_Carolina,286196
Marion County,South_Carolina,31726
Marlboro County,South_Carolina,26945
McCormick County,South_Carolina,9643
Newberry County,South_Carolina,38079
Oconee County,South_Carolina,76355
Orangeburg County,South_Carolina,87903
Pickens County,South_Carolina,122863
Richland County,South_Carolina,409549
Saluda County,South_Carolina,20197
Spartanburg County,South_Carolina,301463
Sumter County,South_Carolina,107396
Union County,South_Carolina,27673
Williamsburg County,South_Carolina,31955
York County,South_Carolina,258526
Allen County,Kansas,13319
Anderson County,Kansas,7917
Atchison County,Kansas,16813
Barber County,Kansas,4861
Barton County,Kansas,27557
Bourbon County,Kansas,14897
Brown County,Kansas,9881
Butler County,Kansas,65827
Chase County,Kansas,2757
Chautauqua County,Kansas,3571
Cherokee County,Kansas,21226
Cheyenne County,Kansas,2678
Clark County,Kansas,2181
Clay County,Kansas,8531
Cloud County,Kansas,9397
Coffey County,Kansas,8502
Comanche County,Kansas,1913
Cowley County,Kansas,36288
Crawford County,Kansas,39361
Decatur County,Kansas,2871
Dickinson County,Kansas,19762
Doniphan County,Kansas,7864
Douglas County,Kansas,112864
Edwards County,Kansas,2979
Elk County,Kansas,2720
Ellis County,Kansas,29053
Ellsworth County,Kansas,6494
Finney County,Kansas,37200
Ford County,Kansas,34752
Franklin County,Kansas,25906
Geary County,Kansas,38013
Gove County,Kansas,2729
Graham County,Kansas,2578
Grant County,Kansas,7923
Gray County,Kansas,6030
Greeley County,Kansas,1298
Greenwood County,Kansas,6454
Hamilton County,Kansas,2639
Harper County,Kansas,5911
Harvey County,Kansas,34852
Haskell County,Kansas,4256
Hodgeman County,Kansas,1963
Jackson County,Kansas,13449
Jefferson County,Kansas,18945
Jewell County,Kansas,3046
Johnson County,Kansas,559913
Kearny County,Kansas,3968
Kingman County,Kansas,7863
Kiowa County,Kansas,2496
Labette County,Kansas,21284
Lane County,Kansas,1704
Leavenworth County,Kansas,77739
Lincoln County,Kansas,3174
Linn County,Kansas,9441
Logan County,Kansas,2784
Lyon County,Kansas,33748
Marion County,Kansas,12347
Marshall County,Kansas,10022
McPherson County,Kansas,29356
Meade County,Kansas,4396
Miami County,Kansas,32612
Mitchell County,Kansas,6355
Montgomery County,Kansas,34459
Morris County,Kansas,5854
Morton County,Kansas,3169
Nemaha County,Kansas,10132
Neosho County,Kansas,16406
Ness County,Kansas,3068
Norton County,Kansas,5612
Osage County,Kansas,16142
Osborne County,Kansas,3806
Ottawa County,Kansas,6072
Pawnee County,Kansas,6928
Phillips County,Kansas,5519
Pottawatomie County,Kansas,22302
Pratt County,Kansas,9728
Rawlins County,Kansas,2560
Reno County,Kansas,64438
Republic County,Kansas,4858
Rice County,Kansas,9985
Riley County,Kansas,75508
Rooks County,Kansas,5223
Rush County,Kansas,3220
Russell County,Kansas,6946
Saline County,Kansas,55988
Scott County,Kansas,4937
Sedgwick County,Kansas,503889
Seward County,Kansas,23547
Shawnee County,Kansas,178991
Sheridan County,Kansas,2538
Sherman County,Kansas,6113
Smith County,Kansas,3765
Stafford County,Kansas,4358
Stanton County,Kansas,2175
Stevens County,Kansas,5756
Sumner County,Kansas,23674
Thomas County,Kansas,7941
Trego County,Kansas,2986
Wabaunsee County,Kansas,7039
Wallace County,Kansas,1517
Washington County,Kansas,5758
Wichita County,Kansas,2256
Wilson County,Kansas,9105
Woodson County,Kansas,3278
Wyandotte County,Kansas,159129
Adair County,Missouri,25607
Andrew County,Missouri,17291
Atchison County,Missouri,5685
Audrain County,Missouri,25529
Barry County,Missouri,35597
Barton County,Missouri,12402
Bates County,Missouri,17049
Benton County,Missouri,19056
Bollinger County,Missouri,12363
Boone County,Missouri,162642
Buchanan County,Missouri,89201
Butler County,Missouri,42794
Caldwell County,Missouri,9424
Callaway County,Missouri,44332
Camden County,Missouri,44002
Cape Girardeau County,Missouri,75674
Carroll County,Missouri,9295
Carter County,Missouri,6265
Cass County,Missouri,99478
Cedar County,Missouri,13982
Chariton County,Missouri,7831
Christian County,Missouri,77422
Clark County,Missouri,7139
Clay County,Missouri,221939
Clinton County,Missouri,20743
Cole County,Missouri,75990
Cooper County,Missouri,17601
Crawford County,Missouri,24696
Dade County,Missouri,7883
Dallas County,Missouri,16777
Daviess County,Missouri,8433
DeKalb County,Missouri,12892
Dent County,Missouri,15657
Douglas County,Missouri,13684
Dunklin County,Missouri,31953
Franklin County,Missouri,101492
Gasconade County,Missouri,15222
Gentry County,Missouri,6738
Greene County,Missouri,275174
Grundy County,Missouri,10261
Harrison County,Missouri,8957
Henry County,Missouri,22272
Hickory County,Missouri,9627
Holt County,Missouri,4912
Howard County,Missouri,10144
Howell County,Missouri,40400
Iron County,Missouri,10630
Jackson County,Missouri,674158
Jasper County,Missouri,117404
Jefferson County,Missouri,218733
Johnson County,Missouri,52595
Knox County,Missouri,4131
Laclede County,Missouri,35571
Lafayette County,Missouri,33381
Lawrence County,Missouri,38634
Lewis County,Missouri,10211
Lincoln County,Missouri,52566
Linn County,Missouri,12761
Livingston County,Missouri,15195
Macon County,Missouri,15566
Madison County,Missouri,12226
Maries County,Missouri,9176
Marion County,Missouri,28781
McDonald County,Missouri,23083
Mercer County,Missouri,3785
Miller County,Missouri,24748
Mississippi County,Missouri,14358
Moniteau County,Missouri,15607
Monroe County,Missouri,8840
Montgomery County,Missouri,12236
Morgan County,Missouri,20565
New Madrid County,Missouri,18956
Newton County,Missouri,58114
Nodaway County,Missouri,23370
Oregon County,Missouri,10881
Osage County,Missouri,13878
Ozark County,Missouri,9723
Pemiscot County,Missouri,18296
Perry County,Missouri,18971
Pettis County,Missouri,42201
Phelps County,Missouri,45156
Pike County,Missouri,18516
Platte County,Missouri,89322
Polk County,Missouri,31137
Pulaski County,Missouri,52274
Putnam County,Missouri,4979
Ralls County,Missouri,10167
Randolph County,Missouri,25414
Ray County,Missouri,23494
Reynolds County,Missouri,6696
Ripley County,Missouri,14100
Saint Charles County,Missouri,360485
Saint Clair County,Missouri,9805
Saint Francois County,Missouri,65359
Saint Louis County,Missouri,1000438
Saint Louis City,Missouri,319294
Ste. Genevieve County,Missouri,18145
Saline County,Missouri,23370
Schuyler County,Missouri,4431
Scotland County,Missouri,4843
Scott County,Missouri,39191
Shannon County,Missouri,8441
Shelby County,Missouri,6373
Stoddard County,Missouri,29968
Stone County,Missouri,32202
Sullivan County,Missouri,6714
Taney County,Missouri,51675
Texas County,Missouri,26008
Vernon County,Missouri,21159
Warren County,Missouri,32513
Washington County,Missouri,25195
Wayne County,Missouri,13521
Webster County,Missouri,36202
Worth County,Missouri,2171
Wright County,Missouri,18815
Addison County,Vermont,37035
Bennington County,Vermont,36317
Caledonia County,Vermont,30780
Chittenden County,Vermont,161382
Essex County,Vermont,6163
Franklin County,Vermont,48799
Grand Isle County,Vermont,6861
Lamoille County,Vermont,25235
Orange County,Vermont,28899
Orleans County,Vermont,27100
Rutland County,Vermont,59736
Washington County,Vermont,58612
Windham County,Vermont,43386
Windsor County,Vermont,55737
Fairfield County,Connecticut,916829
Hartford County,Connecticut,894014
Litchfield County,Connecticut,189927
Middlesex County,Connecticut,165676
New Haven County,Connecticut,862477
New London County,Connecticut,274055
Tolland County,Connecticut,152691
Windham County,Connecticut,118428
Adair County,Iowa,7682
Adams County,Iowa,4029
Allamakee County,Iowa,14330
Appanoose County,Iowa,12884
Audubon County,Iowa,6119
Benton County,Iowa,26076
Black Hawk County,Iowa,131090
Boone County,Iowa,26306
Bremer County,Iowa,24276
Buchanan County,Iowa,20958
Buena Vista County,Iowa,20260
Butler County,Iowa,14867
Calhoun County,Iowa,9670
Carroll County,Iowa,20816
Cass County,Iowa,13956
Cedar County,Iowa,18499
Cerro Gordo County,Iowa,44151
Cherokee County,Iowa,12072
Chickasaw County,Iowa,12439
Clarke County,Iowa,9286
Clay County,Iowa,16667
Clayton County,Iowa,18129
Clinton County,Iowa,49116
Crawford County,Iowa,17096
Dallas County,Iowa,66135
Davis County,Iowa,8753
Decatur County,Iowa,8457
Delaware County,Iowa,17764
Des Moines County,Iowa,40325
Dickinson County,Iowa,16667
Dubuque County,Iowa,93653
Emmet County,Iowa,10302
Fayette County,Iowa,20880
Floyd County,Iowa,16303
Franklin County,Iowa,10680
Fremont County,Iowa,7441
Greene County,Iowa,9336
Grundy County,Iowa,12453
Guthrie County,Iowa,10954
Hamilton County,Iowa,15673
Hancock County,Iowa,11341
Hardin County,Iowa,17534
Harrison County,Iowa,14928
Henry County,Iowa,20145
Howard County,Iowa,9566
Humboldt County,Iowa,9815
Ida County,Iowa,7089
Iowa County,Iowa,16355
Jackson County,Iowa,19848
Jasper County,Iowa,36842
Jefferson County,Iowa,16843
Johnson County,Iowa,130882
Jones County,Iowa,20638
Keokuk County,Iowa,10511
Kossuth County,Iowa,15543
Lee County,Iowa,35862
Linn County,Iowa,211226
Louisa County,Iowa,11387
Lucas County,Iowa,8898
Lyon County,Iowa,11581
Madison County,Iowa,15679
Mahaska County,Iowa,22381
Marion County,Iowa,33309
Marshall County,Iowa,40648
Mills County,Iowa,15059
Mitchell County,Iowa,10776
Monona County,Iowa,9243
Monroe County,Iowa,7970
Montgomery County,Iowa,10740
Muscatine County,Iowa,42745
O'Brien County,Iowa,14398
Osceola County,Iowa,6462
Page County,Iowa,15932
Palo Alto County,Iowa,9421
Plymouth County,Iowa,24986
Pocahontas County,Iowa,7310
Polk County,Iowa,430640
Pottawattamie County,Iowa,93158
Poweshiek County,Iowa,18914
Ringgold County,Iowa,5131
Sac County,Iowa,10350
Scott County,Iowa,165224
Shelby County,Iowa,12167
Sioux County,Iowa,33704
Story County,Iowa,89542
Tama County,Iowa,17767
Taylor County,Iowa,6317
Union County,Iowa,12534
Van Buren County,Iowa,7570
Wapello County,Iowa,35625
Warren County,Iowa,46225
Washington County,Iowa,21704
Wayne County,Iowa,6403
Webster County,Iowa,38013
Winnebago County,Iowa,10866
Winneshiek County,Iowa,21056
Woodbury County,Iowa,102172
Worth County,Iowa,7598
Wright County,Iowa,13229
Alcona County,Michigan,10942
Alger County,Michigan,9601
Allegan County,Michigan,111408
Alpena County,Michigan,30000
Antrim County,Michigan,23598
Arenac County,Michigan,15899
Baraga County,Michigan,8860
Barry County,Michigan,59173
Bay County,Michigan,107771
Benzie County,Michigan,17525
Berrien County,Michigan,156813
Branch County,Michigan,45248
Calhoun County,Michigan,136146
Cass County,Michigan,52293
Charlevoix County,Michigan,25949
Cheboygan County,Michigan,26152
Chippewa County,Michigan,38520
Clare County,Michigan,30926
Clinton County,Michigan,75382
Crawford County,Michigan,14074
Delta County,Michigan,37069
Dickinson County,Michigan,26168
Eaton County,Michigan,107759
Emmet County,Michigan,32694
Genesee County,Michigan,425790
Gladwin County,Michigan,25692
Gogebic County,Michigan,16427
Grand Traverse County,Michigan,86986
Gratiot County,Michigan,42476
Hillsdale County,Michigan,46688
Houghton County,Michigan,36628
Huron County,Michigan,33118
Ingham County,Michigan,280895
Ionia County,Michigan,63905
Iosco County,Michigan,25887
Iron County,Michigan,11817
Isabella County,Michigan,70311
Jackson County,Michigan,160248
Kalamazoo County,Michigan,250331
Kalkaska County,Michigan,17153
Kent County,Michigan,602622
Keweenaw County,Michigan,2156
Lake County,Michigan,11539
Lapeer County,Michigan,88319
Leelanau County,Michigan,21708
Lenawee County,Michigan,99892
Livingston County,Michigan,180967
Luce County,Michigan,6631
Mackinac County,Michigan,11113
Macomb County,Michigan,840978
Manistee County,Michigan,24733
Marquette County,Michigan,67077
Mason County,Michigan,28705
Mecosta County,Michigan,42798
Menominee County,Michigan,24029
Midland County,Michigan,83629
Missaukee County,Michigan,14849
Monroe County,Michigan,152021
Montcalm County,Michigan,63342
Montmorency County,Michigan,9765
Muskegon County,Michigan,172188
Newaygo County,Michigan,48460
Oakland County,Michigan,1202362
Oceana County,Michigan,26570
Ogemaw County,Michigan,21699
Ontonagon County,Michigan,6780
Osceola County,Michigan,23528
Oscoda County,Michigan,8640
Otsego County,Michigan,24164
Ottawa County,Michigan,263801
Presque Isle County,Michigan,13376
Roscommon County,Michigan,24449
Saginaw County,Michigan,200169
St. Clair County,Michigan,163040
St. Joseph County,Michigan,61295
Sanilac County,Michigan,43114
Schoolcraft County,Michigan,8485
Shiawassee County,Michigan,70648
Tuscola County,Michigan,55729
Van Buren County,Michigan,76258
Washtenaw County,Michigan,344791
Wayne County,Michigan,1820584
Wexford County,Michigan,32735
Aurora County,South_Dakota,2710
Beadle County,South_Dakota,17398
Bennett County,South_Dakota,3431
Bon Homme County,South_Dakota,7070
Brookings County,South_Dakota,31965
Brown County,South_Dakota,36531
Brule County,South_Dakota,5255
Buffalo County,South_Dakota,1912
Butte County,South_Dakota,10110
Campbell County,South_Dakota,1466
Charles Mix County,South_Dakota,9129
Clark County,South_Dakota,3691
Clay County,South_Dakota,13864
Codington County,South_Dakota,27227
Corson County,South_Dakota,4050
Custer County,South_Dakota,8216
Davison County,South_Dakota,19504
Day County,South_Dakota,5710
Deuel County,South_Dakota,4364
Dewey County,South_Dakota,5301
Douglas County,South_Dakota,3002
Edmunds County,South_Dakota,4071
Fall River County,South_Dakota,7094
Faulk County,South_Dakota,2364
Grant County,South_Dakota,7356
Gregory County,South_Dakota,4271
Haakon County,South_Dakota,1937
Hamlin County,South_Dakota,5903
Hand County,South_Dakota,3431
Hanson County,South_Dakota,3331
Harding County,South_Dakota,1255
Hughes County,South_Dakota,17022
Hutchinson County,South_Dakota,7343
Hyde County,South_Dakota,1420
Jackson County,South_Dakota,3031
Jerauld County,South_Dakota,2070
Jones County,South_Dakota,1006
Kingsbury County,South_Dakota,5148
Lake County,South_Dakota,11200
Lawrence County,South_Dakota,24097
Lincoln County,South_Dakota,44828
Lyman County,South_Dakota,3755
Marshall County,South_Dakota,4656
McCook County,South_Dakota,5618
McPherson County,South_Dakota,2459
Meade County,South_Dakota,25434
Mellette County,South_Dakota,2048
Miner County,South_Dakota,2389
Minnehaha County,South_Dakota,169468
Moody County,South_Dakota,6486
Oglala Lakota County,South_Dakota,13586
Pennington County,South_Dakota,100948
Perkins County,South_Dakota,2982
Potter County,South_Dakota,2329
Roberts County,South_Dakota,10149
Sanborn County,South_Dakota,2355
Spink County,South_Dakota,6451
Stanley County,South_Dakota,2966
Sully County,South_Dakota,1373
Todd County,South_Dakota,9612
Tripp County,South_Dakota,5644
Turner County,South_Dakota,8347
Union County,South_Dakota,14399
Walworth County,South_Dakota,5438
Yankton County,South_Dakota,22438
Ziebach County,South_Dakota,2801
Kent County,Delaware,162310
New Castle County,Delaware,538479
Sussex County,Delaware,197145
Adams County,Mississippi,32297
Alcorn County,Mississippi,37057
Amite County,Mississippi,13131
Attala County,Mississippi,19564
Benton County,Mississippi,8729
Bolivar County,Mississippi,34145
Calhoun County,Mississippi,14962
Carroll County,Mississippi,10597
Chickasaw County,Mississippi,17392
Choctaw County,Mississippi,8547
Claiborne County,Mississippi,9604
Clarke County,Mississippi,16732
Clay County,Mississippi,20634
Coahoma County,Mississippi,26151
Copiah County,Mississippi,29449
Covington County,Mississippi,19568
DeSoto County,Mississippi,161252
Forrest County,Mississippi,74934
Franklin County,Mississippi,8118
George County,Mississippi,22578
Greene County,Mississippi,14400
Grenada County,Mississippi,21906
Hancock County,Mississippi,43929
Harrison County,Mississippi,187105
Hinds County,Mississippi,245285
Holmes County,Mississippi,19198
Humphreys County,Mississippi,9375
Issaquena County,Mississippi,1406
Itawamba County,Mississippi,23401
Jackson County,Mississippi,139668
Jasper County,Mississippi,17062
Jefferson County,Mississippi,7726
Jefferson Davis County,Mississippi,12487
Jones County,Mississippi,67761
Kemper County,Mississippi,10456
Lafayette County,Mississippi,47351
Lamar County,Mississippi,55658
Lauderdale County,Mississippi,80261
Lawrence County,Mississippi,12929
Leake County,Mississippi,23805
Lee County,Mississippi,82910
Leflore County,Mississippi,32317
Lincoln County,Mississippi,34869
Lowndes County,Mississippi,59779
Madison County,Mississippi,95203
Marion County,Mississippi,27088
Marshall County,Mississippi,37144
Monroe County,Mississippi,36989
Montgomery County,Mississippi,10925
Neshoba County,Mississippi,29676
Newton County,Mississippi,21720
Noxubee County,Mississippi,11545
Oktibbeha County,Mississippi,47671
Panola County,Mississippi,34707
Pearl River County,Mississippi,55834
Perry County,Mississippi,12250
Pike County,Mississippi,40404
Pontotoc County,Mississippi,29957
Prentiss County,Mississippi,25276
Quitman County,Mississippi,8223
Rankin County,Mississippi,141617
Scott County,Mississippi,28264
Sharkey County,Mississippi,4916
Simpson County,Mississippi,27503
Smith County,Mississippi,16491
Stone County,Mississippi,17786
Sunflower County,Mississippi,29450
Tallahatchie County,Mississippi,15378
Tate County,Mississippi,28886
Tippah County,Mississippi,22232
Tishomingo County,Mississippi,19593
Tunica County,Mississippi,10778
Union County,Mississippi,27134
Walthall County,Mississippi,15443
Warren County,Mississippi,48773
Washington County,Mississippi,51137
Wayne County,Mississippi,20747
Webster County,Mississippi,10253
Wilkinson County,Mississippi,9878
Winston County,Mississippi,19198
Yalobusha County,Mississippi,12678
Yazoo County,Mississippi,28065
Adams County,North_Dakota,2343
Barnes County,North_Dakota,11066
Benson County,North_Dakota,6660
Billings County,North_Dakota,783
Bottineau County,North_Dakota,6429
Bowman County,North_Dakota,3151
Burke County,North_Dakota,1968
Burleigh County,North_Dakota,81308
Cass County,North_Dakota,149778
Cavalier County,North_Dakota,3993
Dickey County,North_Dakota,5289
Divide County,North_Dakota,2071
Dunn County,North_Dakota,3536
Eddy County,North_Dakota,2385
Emmons County,North_Dakota,3550
Foster County,North_Dakota,3343
Golden Valley County,North_Dakota,1680
Grand Forks County,North_Dakota,66861
Grant County,North_Dakota,2394
Griggs County,North_Dakota,2420
Hettinger County,North_Dakota,2477
Kidder County,North_Dakota,2435
LaMoure County,North_Dakota,4139
Logan County,North_Dakota,1990
McHenry County,North_Dakota,5395
McIntosh County,North_Dakota,2809
McKenzie County,North_Dakota,6360
McLean County,North_Dakota,8962
Mercer County,North_Dakota,8424
Morton County,North_Dakota,27471
Mountrail County,North_Dakota,7673
Nelson County,North_Dakota,3126
Oliver County,North_Dakota,1846
Pembina County,North_Dakota,7413
Pierce County,North_Dakota,4357
Ramsey County,North_Dakota,11451
Ransom County,North_Dakota,5457
Renville County,North_Dakota,2470
Richland County,North_Dakota,16321
Rolette County,North_Dakota,13937
Sargent County,North_Dakota,3829
Sheridan County,North_Dakota,1321
Sioux County,North_Dakota,4153
Slope County,North_Dakota,727
Stark County,North_Dakota,24199
Steele County,North_Dakota,1975
Stutsman County,North_Dakota,21100
Towner County,North_Dakota,2246
Traill County,North_Dakota,8121
Walsh County,North_Dakota,11119
Ward County,North_Dakota,61675
Wells County,North_Dakota,4207
Williams County,North_Dakota,22398
Albany County,Wyoming,37276
Big Horn County,Wyoming,11794
Campbell County,Wyoming,47874
Carbon County,Wyoming,15666
Converse County,Wyoming,14008
Crook County,Wyoming,7155
Fremont County,Wyoming,41110
Goshen County,Wyoming,13636
Hot Springs County,Wyoming,4822
Johnson County,Wyoming,8615
Laramie County,Wyoming,94483
Lincoln County,Wyoming,17961
Natrona County,Wyoming,78621
Niobrara County,Wyoming,2456
Park County,Wyoming,28702
Platte County,Wyoming,8756
Sheridan County,Wyoming,29596
Sublette County,Wyoming,10368
Sweetwater County,Wyoming,45267
Teton County,Wyoming,21675
Uinta County,Wyoming,21025
Washakie County,Wyoming,8464
Weston County,Wyoming,7082
Androscoggin County,Maine,107233
Aroostook County,Maine,68628
Cumberland County,Maine,289977
Franklin County,Maine,29991
Hancock County,Maine,54659
Kennebec County,Maine,119980
Knox County,Maine,39855
Lincoln County,Maine,33969
Oxford County,Maine,57202
Penobscot County,Maine,152692
Piscataquis County,Maine,16931
Sagadahoc County,Maine,35149
Somerset County,Maine,51113
Waldo County,Maine,39155
Washington County,Maine,31625
York County,Maine,201169
Autauga County,Alabama,54571
Baldwin County,Alabama,182265
Barbour County,Alabama,27457
Bibb County,Alabama,22915
Blount County,Alabama,57322
Bullock County,Alabama,10914
Butler County,Alabama,20947
Calhoun County,Alabama,118572
Chambers County,Alabama,34215
Cherokee County,Alabama,25989
Chilton County,Alabama,43643
Choctaw County,Alabama,13859
Clarke County,Alabama,25833
Clay County,Alabama,13932
Cleburne County,Alabama,14972
Coffee County,Alabama,49948
Colbert County,Alabama,54428
Conecuh County,Alabama,13228
Coosa County,Alabama,11539
Covington County,Alabama,37765
Crenshaw County,Alabama,13906
Cullman County,Alabama,80406
Dale County,Alabama,50251
Dallas County,Alabama,43820
DeKalb County,Alabama,71109
Elmore County,Alabama,79303
Escambia County,Alabama,38319
Etowah County,Alabama,104430
Fayette County,Alabama,17241
Franklin County,Alabama,31704
Geneva County,Alabama,26790
Greene County,Alabama,9045
Hale County,Alabama,15760
Henry County,Alabama,17302
Houston County,Alabama,101547
Jackson County,Alabama,53227
Jefferson County,Alabama,658466
Lamar County,Alabama,14564
Lauderdale County,Alabama,92709
Lawrence County,Alabama,34339
Lee County,Alabama,140247
Limestone County,Alabama,82782
Lowndes County,Alabama,11299
Macon County,Alabama,21452
Madison County,Alabama,334811
Marengo County,Alabama,21027
Marion County,Alabama,30776
Marshall County,Alabama,93019
Mobile County,Alabama,412992
Monroe County,Alabama,23068
Montgomery County,Alabama,229363
Morgan County,Alabama,119490
Perry County,Alabama,10591
Pickens County,Alabama,19746
Pike County,Alabama,32899
Randolph County,Alabama,22913
Russell County,Alabama,52947
St. Clair County,Alabama,83593
Shelby County,Alabama,195085
Sumter County,Alabama,13763
Talladega County,Alabama,82291
Tallapoosa County,Alabama,41616
Tuscaloosa County,Alabama,194656
Walker County,Alabama,67023
Washington County,Alabama,17581
Wilcox County,Alabama,11670
Winston County,Alabama,24484
Ada County,Idaho,392365
Adams County,Idaho,3976
Bannock County,Idaho,82839
Bear Lake County,Idaho,5986
Benewah County,Idaho,9285
Bingham County,Idaho,45607
Blaine County,Idaho,21376
Boise County,Idaho,7028
Bonner County,Idaho,40877
Bonneville County,Idaho,104234
Boundary County,Idaho,10972
Butte County,Idaho,2891
Camas County,Idaho,1117
Canyon County,Idaho,188923
Caribou County,Idaho,6963
Cassia County,Idaho,22952
Clark County,Idaho,982
Clearwater County,Idaho,8761
Custer County,Idaho,4368
Elmore County,Idaho,27038
Franklin County,Idaho,12786
Fremont County,Idaho,13242
Gem County,Idaho,16719
Gooding County,Idaho,15464
Idaho County,Idaho,16267
Jefferson County,Idaho,26140
Jerome County,Idaho,22374
Kootenai County,Idaho,138494
Latah County,Idaho,37244
Lemhi County,Idaho,7936
Lewis County,Idaho,3821
Lincoln County,Idaho,5208
Madison County,Idaho,37536
Minidoka County,Idaho,20069
Nez Perce County,Idaho,39265
Oneida County,Idaho,4286
Owyhee County,Idaho,11526
Payette County,Idaho,22623
Power County,Idaho,7817
Shoshone County,Idaho,12765
Teton County,Idaho,10170
Twin Falls County,Idaho,77230
Valley County,Idaho,9862
Washington County,Idaho,10198
Beaverhead County,Montana,9345
Big Horn County,Montana,13282
Blaine County,Montana,6619
Broadwater County,Montana,5667
Carbon County,Montana,10399
Carter County,Montana,1169
Cascade County,Montana,82344
Chouteau County,Montana,5894
Custer County,Montana,12092
Daniels County,Montana,1793
Dawson County,Montana,9518
Deer Lodge County,Montana,9150
Fallon County,Montana,3108
Fergus County,Montana,11442
Flathead County,Montana,94924
Gallatin County,Montana,97308
Garfield County,Montana,1309
Glacier County,Montana,13696
Golden Valley County,Montana,852
Granite County,Montana,3209
Hill County,Montana,16596
Jefferson County,Montana,11558
Judith Basin County,Montana,1991
Lake County,Montana,29099
Lewis and Clark County,Montana,65856
Liberty County,Montana,2359
Lincoln County,Montana,19125
McCone County,Montana,1694
Madison County,Montana,7820
Meagher County,Montana,1853
Mineral County,Montana,4257
Missoula County,Montana,112684
Musselshell County,Montana,4589
Park County,Montana,15880
Petroleum County,Montana,485
Phillips County,Montana,4192
Pondera County,Montana,6219
Powder River County,Montana,1783
Powell County,Montana,6909
Prairie County,Montana,1148
Ravalli County,Montana,41030
Richland County,Montana,11576
Roosevelt County,Montana,11332
Rosebud County,Montana,9326
Sanders County,Montana,11364
Sheridan County,Montana,3696
Silver Bow County,Montana,34680
Stillwater County,Montana,9290
Sweet Grass County,Montana,3665
Teton County,Montana,6064
Toole County,Montana,5150
Treasure County,Montana,692
Valley County,Montana,7640
Wheatland County,Montana,2102
Wibaux County,Montana,1121
Yellowstone County,Montana,155634
Barbour County,West_Virginia,16589
Berkeley County,West_Virginia,104169
Boone County,West_Virginia,24629
Braxton County,West_Virginia,14523
Brooke County,West_Virginia,24069
Cabell County,West_Virginia,96319
Calhoun County,West_Virginia,7627
Clay County,West_Virginia,9386
Doddridge County,West_Virginia,8202
Fayette County,West_Virginia,46039
Gilmer County,West_Virginia,8693
Grant County,West_Virginia,11937
Greenbrier County,West_Virginia,35480
Hampshire County,West_Virginia,23964
Hancock County,West_Virginia,30676
Hardy County,West_Virginia,14025
Harrison County,West_Virginia,69099
Jackson County,West_Virginia,29211
Jefferson County,West_Virginia,53498
Kanawha County,West_Virginia,193063
Lewis County,West_Virginia,16372
Lincoln County,West_Virginia,21720
Logan County,West_Virginia,36743
Marion County,West_Virginia,56418
Marshall County,West_Virginia,33107
Mason County,West_Virginia,27324
McDowell County,West_Virginia,22113
Mercer County,West_Virginia,62264
Mineral County,West_Virginia,28212
Mingo County,West_Virginia,26839
Monongalia County,West_Virginia,96189
Monroe County,West_Virginia,13502
Morgan County,West_Virginia,17541
Nicholas County,West_Virginia,26233
Ohio County,West_Virginia,44443
Pendleton County,West_Virginia,7695
Pleasants County,West_Virginia,7605
Pocahontas County,West_Virginia,8719
Preston County,West_Virginia,33520
Putnam County,West_Virginia,55486
Raleigh County,West_Virginia,78859
Randolph County,West_Virginia,29405
Ritchie County,West_Virginia,10449
Roane County,West_Virginia,14926
Summers County,West_Virginia,13927
Taylor County,West_Virginia,16895
Tucker County,West_Virginia,7141
Tyler County,West_Virginia,9208
Upshur County,West_Virginia,24254
Wayne County,West_Virginia,42481
Webster County,West_Virginia,9154
Wetzel County,West_Virginia,16583
Wirt County,West_Virginia,5717
Wood County,West_Virginia,86956
Wyoming County,West_Virginia,23796
Adams County,Wisconsin,20875
Ashland County,Wisconsin,16157
Barron County,Wisconsin,45870
Bayfield County,Wisconsin,15014
Brown County,Wisconsin,248007
Buffalo County,Wisconsin,13587
Burnett County,Wisconsin,15457
Calumet County,Wisconsin,48971
Chippewa County,Wisconsin,62415
Clark County,Wisconsin,34690
Columbia County,Wisconsin,56833
Crawford County,Wisconsin,16644
Dane County,Wisconsin,488073
Dodge County,Wisconsin,88759
Door County,Wisconsin,27785
Douglas County,Wisconsin,44159
Dunn County,Wisconsin,43857
Eau Claire County,Wisconsin,98736
Florence County,Wisconsin,4423
Fond du Lac County,Wisconsin,101633
Forest County,Wisconsin,9304
Grant County,Wisconsin,51208
Green County,Wisconsin,36842
Green Lake County,Wisconsin,19051
Iowa County,Wisconsin,23687
Iron County,Wisconsin,5916
Jackson County,Wisconsin,20449
Jefferson County,Wisconsin,83686
Juneau County,Wisconsin,26664
Kenosha County,Wisconsin,166426
Kewaunee County,Wisconsin,20574
La Crosse County,Wisconsin,114638
Lafayette County,Wisconsin,16836
Langlade County,Wisconsin,19977
Lincoln County,Wisconsin,28743
Manitowoc County,Wisconsin,81442
Marathon County,Wisconsin,134063
Marinette County,Wisconsin,41749
Marquette County,Wisconsin,15404
Menominee County,Wisconsin,4232
Milwaukee County,Wisconsin,947735
Monroe County,Wisconsin,44673
Oconto County,Wisconsin,37660
Oneida County,Wisconsin,35998
Outagamie County,Wisconsin,176695
Ozaukee County,Wisconsin,86395
Pepin County,Wisconsin,7469
Pierce County,Wisconsin,41019
Polk County,Wisconsin,44205
Portage County,Wisconsin,70019
Price County,Wisconsin,14159
Racine County,Wisconsin,195408
Richland County,Wisconsin,18021
Rock County,Wisconsin,160331
Rusk County,Wisconsin,14755
Sauk County,Wisconsin,61976
Sawyer County,Wisconsin,16557
Shawano County,Wisconsin,41949
Sheboygan County,Wisconsin,115507
St. Croix County,Wisconsin,84345
Taylor County,Wisconsin,20689
Trempealeau County,Wisconsin,28816
Vernon County,Wisconsin,29773
Vilas County,Wisconsin,21430
Walworth County,Wisconsin,102228
Washburn County,Wisconsin,15911
Washington County,Wisconsin,131887
Waukesha County,Wisconsin,389891
Waupaca County,Wisconsin,52410
Waushara County,Wisconsin,24496
Winnebago County,Wisconsin,166994
Wood County,Wisconsin,74749
Aitkin County,Minnesota,16202
Anoka County,Minnesota,330844
Becker County,Minnesota,32504
Beltrami County,Minnesota,44442
Benton County,Minnesota,38451
Big Stone County,Minnesota,5269
Blue Earth County,Minnesota,64013
Brown County,Minnesota,25893
Carlton County,Minnesota,35386
Carver County,Minnesota,91042
Cass County,Minnesota,28567
Chippewa County,Minnesota,12441
Chisago County,Minnesota,53887
Clay County,Minnesota,58999
Clearwater County,Minnesota,8695
Cook County,Minnesota,5176
Cottonwood County,Minnesota,11687
Crow Wing County,Minnesota,62500
Dakota County,Minnesota,398552
Dodge County,Minnesota,20087
Douglas County,Minnesota,36009
Faribault County,Minnesota,14553
Fillmore County,Minnesota,20866
Freeborn County,Minnesota,31255
Goodhue County,Minnesota,46183
Grant County,Minnesota,6018
Hennepin County,Minnesota,1152425
Houston County,Minnesota,19027
Hubbard County,Minnesota,20428
Isanti County,Minnesota,37816
Itasca County,Minnesota,45058
Jackson County,Minnesota,10266
Kanabec County,Minnesota,16239
Kandiyohi County,Minnesota,42239
Kittson County,Minnesota,4552
Koochiching County,Minnesota,13311
Lac qui Parle County,Minnesota,7259
Lake County,Minnesota,10866
Lake of the Woods County,Minnesota,4045
Le Sueur County,Minnesota,27703
Lincoln County,Minnesota,5896
Lyon County,Minnesota,25857
McLeod County,Minnesota,36651
Mahnomen County,Minnesota,5413
Marshall County,Minnesota,9439
Martin County,Minnesota,20840
Meeker County,Minnesota,23300
Mille Lacs County,Minnesota,26097
Morrison County,Minnesota,33198
Mower County,Minnesota,39163
Murray County,Minnesota,8725
Nicollet County,Minnesota,32727
Nobles County,Minnesota,21378
Norman County,Minnesota,6852
Olmsted County,Minnesota,144248
Otter Tail County,Minnesota,57303
Pennington County,Minnesota,13930
Pine County,Minnesota,29750
Pipestone County,Minnesota,9596
Polk County,Minnesota,31600
Pope County,Minnesota,10995
Ramsey County,Minnesota,508640
Red Lake County,Minnesota,4089
Redwood County,Minnesota,16059
Renville County,Minnesota,15730
Rice County,Minnesota,64142
Rock County,Minnesota,9687
Roseau County,Minnesota,15629
Saint Louis County,Minnesota,200226
Scott County,Minnesota,129928
Sherburne County,Minnesota,88499
Sibley County,Minnesota,15226
Stearns County,Minnesota,150642
Steele County,Minnesota,36576
Stevens County,Minnesota,9726
Swift County,Minnesota,9783
Todd County,Minnesota,24895
Traverse County,Minnesota,3558
Wabasha County,Minnesota,21676
Wadena County,Minnesota,13843
Waseca County,Minnesota,19136
Washington County,Minnesota,238136
Watonwan County,Minnesota,11211
Wilkin County,Minnesota,6576
Winona County,Minnesota,51461
Wright County,Minnesota,124700
Yellow Medicine County,Minnesota,10438
Adams County,Pennsylvania,101407
Allegheny County,Pennsylvania,1223348
Armstrong County,Pennsylvania,68941
Beaver County,Pennsylvania,170539
Bedford County,Pennsylvania,49762
Berks County,Pennsylvania,411442
Blair County,Pennsylvania,127089
Bradford County,Pennsylvania,62622
Bucks County,Pennsylvania,625249
Butler County,Pennsylvania,183862
Cambria County,Pennsylvania,143679
Cameron County,Pennsylvania,5085
Carbon County,Pennsylvania,65249
Centre County,Pennsylvania,153990
Chester County,Pennsylvania,498886
Clarion County,Pennsylvania,39988
Clearfield County,Pennsylvania,81642
Clinton County,Pennsylvania,39238
Columbia County,Pennsylvania,67295
Crawford County,Pennsylvania,88765
Cumberland County,Pennsylvania,235406
Dauphin County,Pennsylvania,268100
Delaware County,Pennsylvania,558979
Elk County,Pennsylvania,31946
Erie County,Pennsylvania,280566
Fayette County,Pennsylvania,136606
Forest County,Pennsylvania,7716
Franklin County,Pennsylvania,149618
Fulton County,Pennsylvania,14845
Greene County,Pennsylvania,38686
Huntingdon County,Pennsylvania,45913
Indiana County,Pennsylvania,88880
Jefferson County,Pennsylvania,45200
Juniata County,Pennsylvania,24636
Lackawanna County,Pennsylvania,214437
Lancaster County,Pennsylvania,519445
Lawrence County,Pennsylvania,91108
Lebanon County,Pennsylvania,133568
Lehigh County,Pennsylvania,349497
Luzerne County,Pennsylvania,320918
Lycoming County,Pennsylvania,116111
McKean County,Pennsylvania,43450
Mercer County,Pennsylvania,116638
Mifflin County,Pennsylvania,46682
Monroe County,Pennsylvania,169842
Montgomery County,Pennsylvania,799874
Montour County,Pennsylvania,18267
Northampton County,Pennsylvania,297735
Northumberland County,Pennsylvania,94528
Perry County,Pennsylvania,45969
Philadelphia County,Pennsylvania,1526006
Pike County,Pennsylvania,57369
Potter County,Pennsylvania,17457
Schuylkill County,Pennsylvania,148289
Snyder County,Pennsylvania,39702
Somerset County,Pennsylvania,77742
Sullivan County,Pennsylvania,6428
Susquehanna County,Pennsylvania,43356
Tioga County,Pennsylvania,41981
Union County,Pennsylvania,44947
Venango County,Pennsylvania,54984
Warren County,Pennsylvania,41815
Washington County,Pennsylvania,207820
Wayne County,Pennsylvania,52822
Westmoreland County,Pennsylvania,365169
Wyoming County,Pennsylvania,28276
York County,Pennsylvania,434972
Adams County,Ohio,28550
Allen County,Ohio,106331
Ashland County,Ohio,53139
Ashtabula County,Ohio,101497
Athens County,Ohio,64757
Auglaize County,Ohio,45949
Belmont County,Ohio,70400
Brown County,Ohio,44846
Butler County,Ohio,368130
Carroll County,Ohio,28836
Champaign County,Ohio,40097
Clark County,Ohio,138333
Clermont County,Ohio,197363
Clinton County,Ohio,42040
Columbiana County,Ohio,107841
Coshocton County,Ohio,36901
Crawford County,Ohio,43784
Cuyahoga County,Ohio,1249352
Darke County,Ohio,52959
Defiance County,Ohio,39037
Delaware County,Ohio,174214
Erie County,Ohio,77079
Fairfield County,Ohio,146156
Fayette County,Ohio,29030
Franklin County,Ohio,1264518
Fulton County,Ohio,42698
Gallia County,Ohio,30934
Geauga County,Ohio,93389
Greene County,Ohio,161573
Guernsey County,Ohio,40087
Hamilton County,Ohio,802374
Hancock County,Ohio,74782
Hardin County,Ohio,32058
Harrison County,Ohio,15864
Henry County,Ohio,28215
Highland County,Ohio,43589
Hocking County,Ohio,29380
Holmes County,Ohio,42366
Huron County,Ohio,59626
Jackson County,Ohio,33225
Jefferson County,Ohio,69709
Knox County,Ohio,60921
Lake County,Ohio,230041
Lawrence County,Ohio,62450
Licking County,Ohio,166492
Logan County,Ohio,45858
Lorain County,Ohio,301356
Lucas County,Ohio,441815
Madison County,Ohio,43435
Mahoning County,Ohio,238823
Marion County,Ohio,66501
Medina County,Ohio,176395
Meigs County,Ohio,23770
Mercer County,Ohio,40814
Miami County,Ohio,102506
Monroe County,Ohio,14642
Montgomery County,Ohio,535153
Morgan County,Ohio,15054
Morrow County,Ohio,34827
Muskingum County,Ohio,86074
Noble County,Ohio,14645
Ottawa County,Ohio,41428
Paulding County,Ohio,19614
Perry County,Ohio,36058
Pickaway County,Ohio,55698
Pike County,Ohio,28709
Portage County,Ohio,161419
Preble County,Ohio,42270
Putnam County,Ohio,34499
Richland County,Ohio,124475
Ross County,Ohio,78064
Sandusky County,Ohio,60944
Scioto County,Ohio,79499
Seneca County,Ohio,56745
Shelby County,Ohio,49423
Stark County,Ohio,375586
Summit County,Ohio,541781
Trumbull County,Ohio,210312
Tuscarawas County,Ohio,92582
Union County,Ohio,52300
Van Wert County,Ohio,28744
Vinton County,Ohio,13435
Warren County,Ohio,212693
Washington County,Ohio,61778
Wayne County,Ohio,114520
Williams County,Ohio,37642
Wood County,Ohio,125488
Wyandot County,Ohio,22615
Albany County,New_York,304204
Allegany County,New_York,48946
Bronx County,New_York,1385108
Broome County,New_York,200600
Cattaraugus County,New_York,80317
Cayuga County,New_York,80026
Chautauqua County,New_York,134905
Chemung County,New_York,88830
Chenango County,New_York,50477
Clinton County,New_York,82128
Columbia County,New_York,63096
Cortland County,New_York,49336
Delaware County,New_York,47980
Dutchess County,New_York,297488
Erie County,New_York,919040
Essex County,New_York,39370
Franklin County,New_York,51599
Fulton County,New_York,55531
Genesee County,New_York,60079
Greene County,New_York,49221
Hamilton County,New_York,4836
Herkimer County,New_York,64519
Jefferson County,New_York,116229
Kings County,New_York,2504700
Lewis County,New_York,27087
Livingston County,New_York,65393
Madison County,New_York,73442
Monroe County,New_York,744344
Montgomery County,New_York,50219
Nassau County,New_York,1339532
New York County,New_York,1585873
Niagara County,New_York,216469
Oneida County,New_York,234878
Onondaga County,New_York,467026
Ontario County,New_York,107931
Orange County,New_York,372813
Orleans County,New_York,42883
Oswego County,New_York,122109
Otsego County,New_York,62259
Putnam County,New_York,99710
Queens County,New_York,2230722
Rensselaer County,New_York,159429
Richmond County,New_York,468730
Rockland County,New_York,311687
St. Lawrence County,New_York,111944
Saratoga County,New_York,219607
Schenectady County,New_York,154727
Schoharie County,New_York,32749
Schuyler County,New_York,18343
Seneca County,New_York,35251
Steuben County,New_York,98990
Suffolk County,New_York,1493350
Sullivan County,New_York,77547
Tioga County,New_York,51125
Tompkins County,New_York,101564
Ulster County,New_York,182493
Warren County,New_York,65707
Washington County,New_York,63216
Wayne County,New_York,93772
Westchester County,New_York,949113
Wyoming County,New_York,42155
Yates County,New_York,25348
Appling County,Georgia,18368
Atkinson County,Georgia,8284
Bacon County,Georgia,11198
Baker County,Georgia,3366
Baldwin County,Georgia,46367
Banks County,Georgia,18316
Barrow County,Georgia,70169
Bartow County,Georgia,100661
Ben Hill County,Georgia,17538
Berrien County,Georgia,19041
Bibb County,Georgia,156462
Bleckley County,Georgia,12913
Brantley County,Georgia,18587
Brooks County,Georgia,15403
Bryan County,Georgia,32214
Bulloch County,Georgia,72694
Burke County,Georgia,23125
Butts County,Georgia,23524
Calhoun County,Georgia,6504
Camden County,Georgia,51402
Candler County,Georgia,11117
Carroll County,Georgia,111580
Catoosa County,Georgia,65046
Charlton County,Georgia,13295
Chatham County,Georgia,276434
Chattahoochee County,Georgia,13037
Chattooga County,Georgia,25725
Cherokee County,Georgia,221315
Clarke County,Georgia,120266
Clay County,Georgia,3116
Clayton County,Georgia,265888
Clinch County,Georgia,6718
Cobb County,Georgia,707442
Coffee County,Georgia,43170
Colquitt County,Georgia,46137
Columbia County,Georgia,131627
Cook County,Georgia,16923
Coweta County,Georgia,130929
Crawford County,Georgia,12600
Crisp County,Georgia,23606
Dade County,Georgia,16490
Dawson County,Georgia,22422
Decatur County,Georgia,27509
DeKalb County,Georgia,707089
Dodge County,Georgia,21329
Dooly County,Georgia,14318
Dougherty County,Georgia,94501
Douglas County,Georgia,133971
Early County,Georgia,10594
Echols County,Georgia,3988
Effingham County,Georgia,53293
Elbert County,Georgia,19684
Emanuel County,Georgia,22898
Evans County,Georgia,10689
Fannin County,Georgia,23492
Fayette County,Georgia,107524
Floyd County,Georgia,96177
Forsyth County,Georgia,187928
Franklin County,Georgia,21894
Fulton County,Georgia,1041423
Gilmer County,Georgia,28190
Glascock County,Georgia,3142
Glynn County,Georgia,81022
Gordon County,Georgia,55766
Grady County,Georgia,25440
Greene County,Georgia,16092
Gwinnett County,Georgia,842046
Habersham County,Georgia,43520
Hall County,Georgia,185416
Hancock County,Georgia,8996
Haralson County,Georgia,28400
Harris County,Georgia,32550
Hart County,Georgia,25518
Heard County,Georgia,11633
Henry County,Georgia,209053
Houston County,Georgia,146136
Irwin County,Georgia,9600
Jackson County,Georgia,60571
Jasper County,Georgia,13630
Jeff Davis County,Georgia,15156
Jefferson County,Georgia,16432
Jenkins County,Georgia,9213
Johnson County,Georgia,9897
Jones County,Georgia,28577
Lamar County,Georgia,18057
Lanier County,Georgia,10400
Laurens County,Georgia,48041
Lee County,Georgia,28746
Liberty County,Georgia,65471
Lincoln County,Georgia,7737
Long County,Georgia,16048
Lowndes County,Georgia,114552
Lumpkin County,Georgia,30611
Macon County,Georgia,14263
Madison County,Georgia,27922
Marion County,Georgia,8711
McDuffie County,Georgia,21663
McIntosh County,Georgia,13839
Meriwether County,Georgia,21273
Miller County,Georgia,5969
Mitchell County,Georgia,23144
Monroe County,Georgia,26637
Montgomery County,Georgia,8913
Morgan County,Georgia,17881
Murray County,Georgia,39392
Muscogee County,Georgia,198413
Newton County,Georgia,101505
Oconee County,Georgia,33619
Oglethorpe County,Georgia,14618
Paulding County,Georgia,144800
Peach County,Georgia,27622
Pickens County,Georgia,29268
Pierce County,Georgia,18844
Pike County,Georgia,17810
Polk County,Georgia,41188
Pulaski County,Georgia,11720
Putnam County,Georgia,21198
Quitman County,Georgia,2404
Rabun County,Georgia,16297
Randolph County,Georgia,7327
Richmond County,Georgia,202587
Rockdale County,Georgia,85820
Schley County,Georgia,4990
Screven County,Georgia,14202
Seminole County,Georgia,8947
Spalding County,Georgia,63865
Stephens County,Georgia,25891
Stewart County,Georgia,6042
Sumter County,Georgia,31554
Talbot County,Georgia,6517
Taliaferro County,Georgia,1680
Tattnall County,Georgia,25384
Taylor County,Georgia,8420
Telfair County,Georgia,16349
Terrell County,Georgia,9045
Thomas County,Georgia,44724
Tift County,Georgia,41064
Toombs County,Georgia,27315
Towns County,Georgia,10495
Treutlen County,Georgia,6769
Troup County,Georgia,68468
Turner County,Georgia,8410
Twiggs County,Georgia,8447
Union County,Georgia,21451
Upson County,Georgia,26630
Walker County,Georgia,68094
Walton County,Georgia,84575
Ware County,Georgia,35821
Warren County,Georgia,5578
Washington County,Georgia,20879
Wayne County,Georgia,30305
Webster County,Georgia,2793
Wheeler County,Georgia,7888
White County,Georgia,27556
Whitfield County,Georgia,103359
Wilcox County,Georgia,9068
Wilkes County,Georgia,10076
Wilkinson County,Georgia,9577
Worth County,Georgia,21741
Accomack County,Virginia,32973
Albemarle County,Virginia,105703
Alleghany County,Virginia,15677
Amelia County,Virginia,12903
Amherst County,Virginia,31914
Appomattox County,Virginia,15414
Arlington County,Virginia,229164
Augusta County,Virginia,74314
Bath County,Virginia,4470
Bedford County,Virginia,77724
Bland County,Virginia,6561
Botetourt County,Virginia,33347
Brunswick County,Virginia,16698
Buchanan County,Virginia,22776
Buckingham County,Virginia,17032
Campbell County,Virginia,55086
Caroline County,Virginia,29984
Carroll County,Virginia,29724
Charles City County,Virginia,7040
Charlotte County,Virginia,12201
Chesterfield County,Virginia,335687
Clarke County,Virginia,14363
Craig County,Virginia,5211
Culpeper County,Virginia,49432
Cumberland County,Virginia,9719
Dickenson County,Virginia,15115
Dinwiddie County,Virginia,27852
Essex County,Virginia,11130
Fairfax County,Virginia,1142234
Fauquier County,Virginia,68782
Floyd County,Virginia,15651
Fluvanna County,Virginia,26235
Franklin County,Virginia,56264
Frederick County,Virginia,83199
Giles County,Virginia,16708
Gloucester County,Virginia,37143
Goochland County,Virginia,22253
Grayson County,Virginia,16012
Greene County,Virginia,19162
Greensville County,Virginia,11885
Halifax County,Virginia,35125
Hanover County,Virginia,103227
Henrico County,Virginia,325155
Henry County,Virginia,51881
Highland County,Virginia,2214
Isle of Wight County,Virginia,36314
James City County,Virginia,73147
King and Queen County,Virginia,7158
King George County,Virginia,25515
King William County,Virginia,16269
Lancaster County,Virginia,10965
Lee County,Virginia,24742
Loudoun County,Virginia,375629
Louisa County,Virginia,34602
Lunenburg County,Virginia,12299
Madison County,Virginia,13134
Mathews County,Virginia,8862
Mecklenburg County,Virginia,31081
Middlesex County,Virginia,10606
Montgomery County,Virginia,97653
Nelson County,Virginia,14785
New Kent County,Virginia,20392
Northampton County,Virginia,12155
Northumberland County,Virginia,12232
Nottoway County,Virginia,15673
Orange County,Virginia,35385
Page County,Virginia,23726
Patrick County,Virginia,18045
Pittsylvania County,Virginia,62194
Powhatan County,Virginia,28031
Prince Edward County,Virginia,22952
Prince George County,Virginia,37862
Prince William County,Virginia,451721
Pulaski County,Virginia,34332
Rappahannock County,Virginia,7378
Richmond County,Virginia,8908
Roanoke County,Virginia,94409
Rockbridge County,Virginia,22354
Rockingham County,Virginia,78593
Russell County,Virginia,27891
Scott County,Virginia,22126
Shenandoah County,Virginia,43190
Smyth County,Virginia,31470
Southampton County,Virginia,18109
Spotsylvania County,Virginia,130475
Stafford County,Virginia,142003
Surry County,Virginia,6709
Sussex County,Virginia,11715
Tazewell County,Virginia,42899
Warren County,Virginia,39083
Washington County,Virginia,54591
Westmoreland County,Virginia,17629
Wise County,Virginia,39718
Wythe County,Virginia,29119
York County,Virginia,67837
Arkansas County,Arkansas,19019
Ashley County,Arkansas,21853
Baxter County,Arkansas,41513
Benton County,Arkansas,221339
Boone County,Arkansas,36903
Bradley County,Arkansas,11508
Calhoun County,Arkansas,5368
Carroll County,Arkansas,27446
Chicot County,Arkansas,11800
Clark County,Arkansas,22995
Clay County,Arkansas,16083
Cleburne County,Arkansas,25970
Cleveland County,Arkansas,8689
Columbia County,Arkansas,24552
Conway County,Arkansas,21273
Craighead County,Arkansas,96443
Crawford County,Arkansas,61948
Crittenden County,Arkansas,50902
Cross County,Arkansas,17870
Dallas County,Arkansas,8116
Desha County,Arkansas,13008
Drew County,Arkansas,18509
Faulkner County,Arkansas,113237
Franklin County,Arkansas,18125
Fulton County,Arkansas,12245
Garland County,Arkansas,96024
Grant County,Arkansas,17853
Greene County,Arkansas,42090
Hempstead County,Arkansas,22609
Hot Spring County,Arkansas,32923
Howard County,Arkansas,13789
Independence County,Arkansas,36647
Izard County,Arkansas,13696
Jackson County,Arkansas,17997
Jefferson County,Arkansas,77435
Johnson County,Arkansas,25540
Lafayette County,Arkansas,7645
Lawrence County,Arkansas,17415
Lee County,Arkansas,10424
Lincoln County,Arkansas,14134
Little River County,Arkansas,13171
Logan County,Arkansas,22353
Lonoke County,Arkansas,68356
Madison County,Arkansas,15717
Marion County,Arkansas,16653
Miller County,Arkansas,43462
Mississippi County,Arkansas,46480
Monroe County,Arkansas,8149
Montgomery County,Arkansas,9487
Nevada County,Arkansas,8997
Newton County,Arkansas,8330
Ouachita County,Arkansas,26120
Perry County,Arkansas,10445
Phillips County,Arkansas,21757
Pike County,Arkansas,11291
Poinsett County,Arkansas,24583
Polk County,Arkansas,20662
Pope County,Arkansas,61754
Prairie County,Arkansas,8715
Pulaski County,Arkansas,382748
Randolph County,Arkansas,17969
St. Francis County,Arkansas,28258
Saline County,Arkansas,107118
Scott County,Arkansas,11233
Searcy County,Arkansas,8195
Sebastian County,Arkansas,125744
Sevier County,Arkansas,17058
Sharp County,Arkansas,17264
Stone County,Arkansas,12394
Union County,Arkansas,41639
Van Buren County,Arkansas,17295
Washington County,Arkansas,203065
White County,Arkansas,77076
Woodruff County,Arkansas,7260
Yell County,Arkansas,22185
Bernalillo County,New_Mexico,670968
Catron County,New_Mexico,3733
Chaves County,New_Mexico,65890
Cibola County,New_Mexico,27658
Colfax County,New_Mexico,13640
Curry County,New_Mexico,49649
De Baca County,New_Mexico,1945
Doa Ana County,New_Mexico,213598
Eddy County,New_Mexico,54152
Grant County,New_Mexico,29380
Guadalupe County,New_Mexico,4619
Harding County,New_Mexico,740
Hidalgo County,New_Mexico,4861
Lea County,New_Mexico,65423
Lincoln County,New_Mexico,20454
Los Alamos County,New_Mexico,18222
Luna County,New_Mexico,25281
McKinley County,New_Mexico,73664
Mora County,New_Mexico,4773
Otero County,New_Mexico,65703
Quay County,New_Mexico,9026
Rio Arriba County,New_Mexico,40446
Roosevelt County,New_Mexico,20446
Sandoval County,New_Mexico,134259
San Juan County,New_Mexico,128200
San Miguel County,New_Mexico,29301
Santa Fe County,New_Mexico,145648
Sierra County,New_Mexico,11943
Socorro County,New_Mexico,17873
Taos County,New_Mexico,32917
Torrance County,New_Mexico,16345
Union County,New_Mexico,4433
Valencia County,New_Mexico,77070
Acadia Parish,Louisiana,61773
Allen Parish,Louisiana,25764
Ascension Parish,Louisiana,107215
Assumption Parish,Louisiana,23421
Avoyelles Parish,Louisiana,42073
Beauregard Parish,Louisiana,35654
Bienville Parish,Louisiana,14353
Bossier Parish,Louisiana,116979
Caddo Parish,Louisiana,254969
Calcasieu Parish,Louisiana,192768
Caldwell Parish,Louisiana,10132
Cameron Parish,Louisiana,6839
Catahoula Parish,Louisiana,10407
Claiborne Parish,Louisiana,17195
Concordia Parish,Louisiana,20822
DeSoto Parish,Louisiana,26656
East Baton Rouge Parish,Louisiana,440171
East Carroll Parish,Louisiana,7759
East Feliciana Parish,Louisiana,20267
Evangeline Parish,Louisiana,33984
Franklin Parish,Louisiana,20767
Grant Parish,Louisiana,22309
Iberia Parish,Louisiana,73240
Iberville Parish,Louisiana,33387
Jackson Parish,Louisiana,16274
Jefferson Parish,Louisiana,432552
Jefferson Davis Parish,Louisiana,31594
Lafayette Parish,Louisiana,221578
Lafourche Parish,Louisiana,96318
LaSalle Parish,Louisiana,14890
Lincoln Parish,Louisiana,46735
Livingston Parish,Louisiana,128026
Madison Parish,Louisiana,12093
Morehouse Parish,Louisiana,27979
Natchitoches Parish,Louisiana,39566
Orleans Parish,Louisiana,343829
Ouachita Parish,Louisiana,153720
Plaquemines Parish,Louisiana,23042
Pointe Coupee Parish,Louisiana,22802
Rapides Parish,Louisiana,131613
Red River Parish,Louisiana,9091
Richland Parish,Louisiana,20725
Sabine Parish,Louisiana,24233
St. Bernard Parish,Louisiana,35897
St. Charles Parish,Louisiana,52780
St. Helena Parish,Louisiana,11203
St. James Parish,Louisiana,22102
St. John the Baptist Parish,Louisiana,45924
St. Landry Parish,Louisiana,83384
St. Martin Parish,Louisiana,52160
St. Mary Parish,Louisiana,54650
St. Tammany Parish,Louisiana,233740
Tangipahoa Parish,Louisiana,121097
Tensas Parish,Louisiana,5066
Terrebonne Parish,Louisiana,111860
Union Parish,Louisiana,22721
Vermilion Parish,Louisiana,57999
Vernon Parish,Louisiana,52334
Washington Parish,Louisiana,47168
Webster Parish,Louisiana,41207
West Baton Rouge Parish,Louisiana,23788
West Carroll Parish,Louisiana,11604
West Feliciana Parish,Louisiana,15625
Winn Parish,Louisiana,15313
Aleutians East Borough,Alaska,2938
Anchorage,Alaska,291845
Bristol Bay Borough,Alaska,869
Denali Borough,Alaska,1860
Fairbanks North Star Borough,Alaska,95898
Haines Borough,Alaska,2516
Juneau,Alaska,31986
Kenai Peninsula Borough,Alaska,58367
Ketchikan Gateway Borough,Alaska,13739
Kodiak Island Borough,Alaska,13001
Lake and Peninsula Borough,Alaska,1622
Matanuska-Susitna Borough,Alaska,106438
North Slope Borough,Alaska,9886
Northwest Arctic Borough,Alaska,7715
Petersburg Borough,Alaska,3226
Sitka,Alaska,8532
Skagway,Alaska,1095
Unorganized Borough,Alaska,76534
Wrangell,Alaska,2400
Yakutat,Alaska,540
